"CaseId","WEIGHT","DV1A","DV1B","DV1C","DV1D","DV2A","DV2B","DV2C","DV2D","DV3A","DV3B","DV3C","DV3D","DV4A","DV4B","DV4C","DV4D","GENDER","AGE4","RACETHNICITY","EDUC5","INCOME4","METRO"
1,1.0410000574,"Yes","Yes","Yes","Yes","Unsure","Yes","Yes","Yes","Yes","Yes","Yes","Unsure","Yes","Yes","Yes","Yes","Male","45-59","White, non-Hispanic","Bachelor's degree","$100,000 or more","Metro Area"
2,0.8025537535,"Yes","No","Yes","Yes","No","SKIPPED ON WEB","Yes","Unsure","No","Yes","Unsure","Unsure","Yes","No","Yes","No","Male","45-59","White, non-Hispanic","Some college/ associates degree","$60,000 to under $100,000","Metro Area"
3,0.1872200423,"Yes","No","Yes","Yes","No","No","No","Yes","No","No","No","No","No","No","Yes","No","Female","60+","White, non-Hispanic","Some college/ associates degree","$30,000 to under $60,000","Non-Metro Area"
4,1.3689458674,"Yes","Yes","Yes","Yes","Yes","Yes","Yes","Yes","Yes","Yes","Yes","Yes","Unsure","Unsure","Yes","Unsure","Female","30-44","White, non-Hispanic","Post grad study/professional degree","Less than $30,000","Metro Area"
5,1.1036607136,"Yes","No","Yes","Yes","No","No","Yes","No","No","No","No","No","Yes","No","No","No","Male","30-44","White, non-Hispanic","Bachelor's degree","$60,000 to under $100,000","Metro Area"
6,1.5654914065,"Yes","Unsure","Yes","Yes","Unsure","No","Yes","Unsure","Unsure","Unsure","Unsure","No","Unsure","Unsure","Yes","Unsure","Male","45-59","White, non-Hispanic","Bachelor's degree","$60,000 to under $100,000","Metro Area"
7,0.6570486331,"Yes","Yes","Yes","Yes","Yes","Yes","Yes","Yes","No","Yes","No","No","No","No","Yes","No","Female","45-59","White, non-Hispanic","Bachelor's degree","$100,000 or more","Metro Area"
8,0.3174702902,"Yes","Yes","Yes","Yes","No","Yes","Yes","Yes","Yes","Yes","No","No","Yes","Yes","Yes","Yes","Male","45-59","White, non-Hispanic","Some college/ associates degree","$100,000 or more","Metro Area"
9,0.7565589749,"Yes","Yes","Yes","Yes","Yes","Yes","Yes","Yes","Unsure","Yes","Unsure","No","Yes","Unsure","Yes","Yes","Female","30-44","White, non-Hispanic","Some college/ associates degree","$30,000 to under $60,000","Non-Metro Area"
10,1.2994346367,"Yes","Yes","Yes","Yes","Yes","No","Yes","Yes","Yes","Yes","Unsure","Unsure","Unsure","Yes","Yes","Yes","Male","60+","White, non-Hispanic","Post grad study/professional degree","$30,000 to under $60,000","Metro Area"
11,2.9630746688,"Yes","Yes","Yes","Yes","Yes","Yes","Yes","Yes","Yes","Yes","Yes","Yes","Yes","Yes","Yes","Yes","Male","60+","White, non-Hispanic","HS graduate or equivalent","Less than $30,000","Metro Area"
12,0.4376777209,"Yes","Yes","Yes","Yes","No","Yes","Yes","Yes","Yes","Yes","Yes","Yes","Yes","Yes","Yes","Yes","Male","30-44","White, non-Hispanic","Bachelor's degree","$60,000 to under $100,000","Metro Area"
13,0.3655637039,"Yes","No","Unsure","Yes","Yes","Unsure","Unsure","Unsure","No","Unsure","Unsure","Unsure","Unsure","Unsure","Unsure","Unsure","Female","60+","White, non-Hispanic","Some college/ associates degree","Less than $30,000","Metro Area"
14,1.0245762012,"Yes","Yes","Yes","Yes","Unsure","Unsure","Yes","Unsure","Yes","Unsure","Unsure","Unsure","Unsure","Unsure","Yes","Yes","Female","45-59","White, non-Hispanic","Some college/ associates degree","$100,000 or more","Metro Area"
15,0.5110762545,"Yes","Yes","Yes","Yes","No","Yes","No","No","No","No","Yes","No","Yes","No","Yes","Yes","Female","60+","White, non-Hispanic","Some college/ associates degree","$60,000 to under $100,000","Non-Metro Area"
16,0.1443982704,"Yes","Yes","Yes","Yes","Yes","No","Yes","Yes","No","Yes","Yes","Yes","Yes","No","Yes","No","Female","30-44","Asian-Pacific Islander, non-Hispanic","Post grad study/professional degree","$100,000 or more","Metro Area"
17,1.759184999,"Yes","Yes","Yes","Yes","Yes","Yes","No","Yes","Yes","Yes","Yes","Yes","Yes","Yes","Yes","Yes","Male","45-59","Asian-Pacific Islander, non-Hispanic","Bachelor's degree","$100,000 or more","Metro Area"
18,0.3467330982,"Yes","Unsure","Yes","Yes","Unsure","Yes","Yes","Yes","Yes","Yes","Yes","Yes","Unsure","Yes","Yes","Yes","Female","60+","White, non-Hispanic","Some college/ associates degree","$30,000 to under $60,000","Metro Area"
19,0.7777368312,"Yes","Yes","Yes","Yes","Yes","No","Yes","Yes","Yes","No","Yes","No","Yes","Yes","Yes","Yes","Male","30-44","White, non-Hispanic","Bachelor's degree","Less than $30,000","Metro Area"
20,0.8396423407,"Yes","No","Yes","Yes","No","No","Yes","No","Yes","No","No","No","No","No","Yes","Yes","Female","18-29","White, non-Hispanic","HS graduate or equivalent","Less than $30,000","Non-Metro Area"
21,0.5172439768,"Yes","No","Yes","Yes","No","No","Yes","Yes","Yes","Yes","Yes","Yes","Yes","Yes","Yes","Unsure","Female","60+","White, non-Hispanic","Some college/ associates degree","$100,000 or more","Metro Area"
22,0.9834487679,"Yes","Yes","Yes","Yes","Yes","Yes","Yes","Yes","Yes","Yes","Yes","Yes","Yes","Yes","Yes","Yes","Male","45-59","Asian-Pacific Islander, non-Hispanic","Bachelor's degree","$100,000 or more","Metro Area"
23,0.5214107241,"Yes","Yes","Yes","Yes","Yes","Yes","Yes","Yes","Yes","Yes","No","No","No","No","Yes","Yes","Male","30-44","White, non-Hispanic","Bachelor's degree","$60,000 to under $100,000","Metro Area"
24,0.5243389235,"Yes","Yes","Yes","Yes","No","Yes","Yes","No","No","No","Yes","No","Yes","No","No","No","Male","45-59","White, non-Hispanic","Some college/ associates degree","$100,000 or more","Metro Area"
25,1.5300725145,"Yes","Yes","Yes","Yes","Yes","Yes","Yes","Yes","Yes","Yes","Yes","Yes","No","No","Yes","Yes","Female","30-44","Asian-Pacific Islander, non-Hispanic","Bachelor's degree","$30,000 to under $60,000","Non-Metro Area"
26,0.279846364,"Yes","Yes","Yes","Yes","Yes","Yes","Yes","Yes","Yes","Yes","Yes","Yes","Yes","Yes","Yes","Yes","Female","45-59","White, non-Hispanic","Post grad study/professional degree","$100,000 or more","Metro Area"
27,0.3731423525,"Yes","No","Yes","Yes","No","No","No","Yes","Yes","Yes","No","No","No","No","Yes","Yes","Male","45-59","Other, non-Hispanic","Some college/ associates degree","$30,000 to under $60,000","Non-Metro Area"
28,0.3388258103,"Yes","No","Yes","Yes","Unsure","Yes","No","Unsure","Yes","Yes","No","No","Yes","Unsure","Yes","Unsure","Female","60+","White, non-Hispanic","Some college/ associates degree","Less than $30,000","Non-Metro Area"
29,0.4876725057,"Yes","Yes","Yes","Yes","Yes","Yes","Yes","Yes","No","Yes","Yes","Yes","Yes","No","Yes","Yes","Male","45-59","White, non-Hispanic","Some college/ associates degree","$100,000 or more","Metro Area"
30,0.8243392142,"Yes","Unsure","Yes","Yes","Unsure","Yes","Yes","Unsure","Yes","Yes","Yes","Unsure","Unsure","Unsure","Unsure","Unsure","Female","60+","White, non-Hispanic","Some college/ associates degree","$30,000 to under $60,000","Metro Area"
31,1.9144110929,"Yes","Yes","Yes","Yes","Unsure","Yes","Yes","Unsure","Yes","Unsure","Unsure","Unsure","No","Unsure","Yes","Yes","Female","60+","White, non-Hispanic","Less than HS","Less than $30,000","Metro Area"
32,1.8505125637,"Yes","Yes","Yes","Yes","No","No","Yes","Yes","No","Yes","No","No","No","No","Yes","No","Male","45-59","White, non-Hispanic","HS graduate or equivalent","$100,000 or more","Metro Area"
33,1.6598200562,"Unsure","No","Yes","Yes","No","No","Yes","No","No","Yes","No","No","No","No","Yes","No","Female","60+","White, non-Hispanic","Post grad study/professional degree","$60,000 to under $100,000","Metro Area"
34,0.4047459277,"Yes","Yes","Yes","Yes","No","Yes","No","Unsure","Unsure","Unsure","Unsure","Unsure","No","No","Yes","Yes","Female","30-44","White, non-Hispanic","Some college/ associates degree","$60,000 to under $100,000","Metro Area"
35,0.7092712745,"Yes","Yes","Yes","Yes","No","No","No","Yes","No","No","No","No","Unsure","No","Yes","Yes","Female","60+","White, non-Hispanic","Some college/ associates degree","$60,000 to under $100,000","Metro Area"
36,0.6274161761,"Yes","Yes","Yes","Yes","Yes","Yes","Yes","Yes","Unsure","Yes","Yes","No","No","No","Yes","Yes","Female","60+","White, non-Hispanic","Post grad study/professional degree","$100,000 or more","Metro Area"
37,0.7352412226,"Yes","Yes","Yes","Yes","Yes","Yes","Yes","Yes","Yes","Yes","No","No","Unsure","No","Yes","Unsure","Female","30-44","White, non-Hispanic","Some college/ associates degree","$60,000 to under $100,000","Metro Area"
38,0.258016262,"Yes","Yes","Yes","Yes","Yes","Yes","Yes","Yes","Yes","Yes","Yes","Yes","Yes","Yes","Yes","Yes","Male","60+","White, non-Hispanic","Some college/ associates degree","$60,000 to under $100,000","Metro Area"
39,1.0297237835,"Yes","Yes","Yes","Yes","Yes","Unsure","Yes","Yes","Yes","Yes","Yes","Yes","Yes","No","Yes","Unsure","Male","30-44","White, non-Hispanic","Post grad study/professional degree","$100,000 or more","Metro Area"
40,0.5222619129,"Yes","No","Yes","Yes","No","Yes","No","No","No","No","No","No","No","No","Yes","No","Male","60+","White, non-Hispanic","Some college/ associates degree","$30,000 to under $60,000","Metro Area"
41,0.8355527876,"Yes","Yes","Yes","Yes","Yes","Unsure","Yes","Unsure","Yes","Yes","Unsure","Unsure","Yes","Unsure","Yes","Unsure","Male","45-59","White, non-Hispanic","Bachelor's degree","$100,000 or more","Metro Area"
42,0.3194997691,"Yes","Yes","Yes","Yes","Yes","Yes","Yes","Yes","No","Yes","No","Yes","Yes","Yes","Yes","Yes","Male","45-59","2+, non-Hispanic","Bachelor's degree","$100,000 or more","Metro Area"
43,2.9391048091,"Yes","Yes","Yes","Yes","Yes","Yes","Yes","Yes","Yes","Yes","Yes","Yes","Yes","Yes","Yes","Yes","Female","45-59","White, non-Hispanic","Bachelor's degree","$100,000 or more","Metro Area"
44,0.3198637577,"Yes","Yes","Yes","Yes","Yes","Unsure","Yes","Yes","Yes","Yes","Yes","Yes","Yes","No","Yes","Yes","Male","30-44","White, non-Hispanic","Some college/ associates degree","Less than $30,000","Non-Metro Area"
45,1.4252343229,"Yes","Yes","Yes","Yes","Yes","Yes","Yes","Yes","Yes","Yes","Yes","Yes","No","Yes","Yes","Yes","Male","60+","White, non-Hispanic","Bachelor's degree","$30,000 to under $60,000","Metro Area"
46,0.36024692,"Yes","Yes","Yes","Yes","Yes","Yes","Yes","Yes","Yes","Yes","Yes","Yes","Yes","Yes","Yes","Yes","Female","30-44","White, non-Hispanic","Post grad study/professional degree","$100,000 or more","Metro Area"
47,0.4060891578,"Yes","Yes","Yes","Yes","No","No","Yes","No","Yes","Yes","Yes","Yes","No","No","No","No","Female","45-59","White, non-Hispanic","Some college/ associates degree","Less than $30,000","Metro Area"
48,0.4611859694,"Yes","Yes","Yes","Yes","No","Yes","Yes","No","No","Yes","Yes","No","Yes","Unsure","Yes","Yes","Female","45-59","White, non-Hispanic","Bachelor's degree","$100,000 or more","Metro Area"
49,0.5406258618,"Yes","Yes","Yes","Yes","No","No","Yes","No","No","No","No","No","No","Yes","Yes","Yes","Female","30-44","2+, non-Hispanic","Some college/ associates degree","$30,000 to under $60,000","Metro Area"
50,0.7002377731,"Yes","Yes","Yes","Yes","No","Yes","Yes","Yes","Yes","Yes","No","No","Yes","Yes","Yes","Yes","Male","60+","White, non-Hispanic","Bachelor's degree","$100,000 or more","Metro Area"
51,1.1588853047,"Yes","Yes","Yes","Yes","Yes","Yes","Yes","Yes","No","Yes","No","No","No","No","Yes","Yes","Male","45-59","White, non-Hispanic","Some college/ associates degree","$60,000 to under $100,000","Metro Area"
52,4.8711552261,"Yes","No","Yes","Yes","No","Yes","No","No","No","No","No","No","No","No","Yes","No","Female","60+","White, non-Hispanic","HS graduate or equivalent","Less than $30,000","Metro Area"
53,0.81395641,"Yes","Yes","Yes","Yes","No","No","Yes","Yes","Yes","Yes","Yes","Yes","Yes","Yes","Yes","Yes","Female","30-44","White, non-Hispanic","Post grad study/professional degree","$60,000 to under $100,000","Metro Area"
54,0.4135117982,"Yes","Yes","Yes","Yes","Yes","Yes","Yes","Yes","Yes","Yes","Yes","Yes","Yes","Yes","Yes","Yes","Female","18-29","White, non-Hispanic","Post grad study/professional degree","$30,000 to under $60,000","Non-Metro Area"
55,0.739033144,"Yes","Yes","Yes","Yes","Yes","Unsure","Yes","Yes","Yes","Yes","Yes","Unsure","Yes","Unsure","Yes","Yes","Male","30-44","White, non-Hispanic","Some college/ associates degree","$60,000 to under $100,000","Metro Area"
56,1.1991467066,"Yes","No","No","Yes","No","No","Yes","Yes","Yes","No","No","No","No","No","Yes","Yes","Female","60+","White, non-Hispanic","HS graduate or equivalent","Less than $30,000","Metro Area"
57,1.7527277817,"Yes","Unsure","Yes","Yes","No","Yes","Yes","Yes","Yes","Yes","Yes","Unsure","Yes","Yes","Yes","Yes","Male","30-44","White, non-Hispanic","Some college/ associates degree","$60,000 to under $100,000","Metro Area"
58,2.2390538312,"Yes","Yes","Yes","Yes","Yes","No","No","Yes","Yes","Yes","Yes","Yes","No","Yes","Yes","No","Female","60+","Other, non-Hispanic","Post grad study/professional degree","Less than $30,000","Metro Area"
59,0.9728687715,"Yes","Yes","Yes","Yes","No","Yes","Yes","Yes","No","Yes","No","No","No","No","Yes","Yes","Male","45-59","White, non-Hispanic","Some college/ associates degree","Less than $30,000","Non-Metro Area"
60,1.0524047949,"Yes","No","Yes","Yes","No","No","Yes","No","No","No","No","No","No","No","Yes","No","Female","30-44","White, non-Hispanic","HS graduate or equivalent","$30,000 to under $60,000","Metro Area"
61,1.2293278678,"Yes","Yes","Yes","Yes","Unsure","Yes","Unsure","Yes","Yes","Unsure","Yes","Unsure","Unsure","Yes","Yes","Unsure","Female","45-59","White, non-Hispanic","Some college/ associates degree","$30,000 to under $60,000","Metro Area"
62,0.6709824631,"Unsure","Unsure","Yes","Unsure","No","No","Unsure","Yes","Unsure","Unsure","Unsure","Unsure","No","No","Yes","No","Female","60+","White, non-Hispanic","Some college/ associates degree","$30,000 to under $60,000","Metro Area"
63,1.0849812295,"Yes","No","Yes","Yes","Yes","Yes","Yes","Yes","No","Yes","Yes","No","Yes","No","Yes","No","Male","45-59","White, non-Hispanic","Bachelor's degree","$100,000 or more","Metro Area"
64,0.1179219168,"Yes","Yes","Yes","Yes","No","Unsure","Yes","Unsure","Yes","Yes","Yes","Yes","Yes","No","Yes","Yes","Female","45-59","White, non-Hispanic","Post grad study/professional degree","$100,000 or more","Metro Area"
65,1.6391640546,"Yes","No","Yes","Yes","No","Unsure","Yes","Yes","Yes","Yes","Yes","No","Unsure","No","Yes","Yes","Male","60+","White, non-Hispanic","Some college/ associates degree","Less than $30,000","Non-Metro Area"
66,0.3783743871,"Yes","Yes","Yes","Yes","Yes","Yes","Yes","Yes","Yes","Yes","Yes","Yes","No","No","Yes","Yes","Female","30-44","White, non-Hispanic","Bachelor's degree","$60,000 to under $100,000","Metro Area"
67,1.2870588092,"Yes","Unsure","Yes","Yes","Unsure","Yes","Yes","Unsure","Unsure","Unsure","Unsure","Unsure","Unsure","Unsure","Yes","Unsure","Female","30-44","White, non-Hispanic","HS graduate or equivalent","Less than $30,000","Metro Area"
68,0.7284763541,"Yes","Yes","Yes","Yes","Yes","Yes","Yes","Yes","Yes","Yes","Yes","Yes","Yes","Yes","Yes","Yes","Male","30-44","Asian-Pacific Islander, non-Hispanic","Post grad study/professional degree","$60,000 to under $100,000","Metro Area"
69,0.2919313315,"Yes","Yes","Yes","Yes","Yes","Yes","Yes","Yes","Unsure","Yes","Unsure","Unsure","No","Yes","Yes","Yes","Male","60+","White, non-Hispanic","Some college/ associates degree","$30,000 to under $60,000","Metro Area"
70,0.2578639059,"Yes","Yes","Yes","Yes","Unsure","Yes","Yes","Yes","Unsure","SKIPPED ON WEB","Unsure","No","Yes","Yes","Yes","Unsure","Female","30-44","White, non-Hispanic","Bachelor's degree","Less than $30,000","Metro Area"
71,0.8006545906,"Yes","Yes","Yes","Yes","Unsure","Unsure","Yes","Yes","Unsure","Yes","Unsure","No","No","Unsure","Yes","Yes","Female","60+","White, non-Hispanic","Post grad study/professional degree","$60,000 to under $100,000","Metro Area"
72,3.8066170127,"Yes","No","Yes","Yes","Unsure","Yes","Yes","Yes","Yes","Yes","No","Yes","Yes","No","Yes","Yes","Male","60+","White, non-Hispanic","HS graduate or equivalent","Less than $30,000","Metro Area"
73,0.597294244,"Yes","Yes","Yes","Yes","Yes","Yes","Yes","Yes","Yes","Yes","Yes","Yes","Yes","Yes","Yes","Yes","Male","45-59","White, non-Hispanic","Post grad study/professional degree","$60,000 to under $100,000","Metro Area"
74,0.3528344072,"Yes","Yes","Yes","Yes","Yes","Unsure","Yes","Yes","Unsure","Yes","Unsure","Unsure","Unsure","Unsure","Yes","Unsure","Female","30-44","White, non-Hispanic","Bachelor's degree","$100,000 or more","Metro Area"
75,1.6093405013,"Yes","Yes","Yes","Yes","No","Yes","Yes","Yes","No","Yes","No","Yes","No","No","Yes","No","Female","45-59","White, non-Hispanic","Some college/ associates degree","$30,000 to under $60,000","Metro Area"
76,0.3919338239,"Yes","No","Yes","Yes","No","No","Yes","Unsure","Yes","No","No","No","Yes","No","Yes","No","Male","45-59","White, non-Hispanic","Some college/ associates degree","$100,000 or more","Metro Area"
77,0.2183981514,"Yes","Yes","Yes","Yes","Yes","Yes","Yes","Yes","Yes","Yes","Yes","No","Yes","Yes","Yes","Yes","Male","45-59","White, non-Hispanic","Some college/ associates degree","$100,000 or more","Metro Area"
78,1.158376217,"Yes","No","No","Yes","No","Yes","No","No","Yes","No","No","No","Yes","No","Yes","No","Female","60+","White, non-Hispanic","Post grad study/professional degree","$100,000 or more","Metro Area"
79,0.6592961165,"Yes","Yes","Yes","Yes","Yes","Yes","Yes","Yes","Yes","Yes","Yes","Yes","Yes","Yes","Yes","Yes","Male","45-59","White, non-Hispanic","Post grad study/professional degree","$100,000 or more","Metro Area"
80,0.6767584251,"Yes","Unsure","Yes","Yes","No","Yes","Yes","Yes","No","Yes","No","No","Unsure","Unsure","Yes","Unsure","Female","30-44","White, non-Hispanic","Post grad study/professional degree","$30,000 to under $60,000","Non-Metro Area"
81,0.8893821767,"Yes","Yes","Yes","Yes","Yes","Unsure","Yes","Unsure","No","Unsure","Unsure","No","No","Unsure","No","No","Male","60+","White, non-Hispanic","Bachelor's degree","$100,000 or more","Non-Metro Area"
82,0.3869625845,"Yes","Yes","Yes","Yes","Yes","Yes","Yes","Yes","Yes","Yes","Yes","Yes","Yes","Yes","Yes","Yes","Male","30-44","White, non-Hispanic","Post grad study/professional degree","$100,000 or more","Metro Area"
83,0.5258568599,"Yes","Yes","Yes","Yes","No","Unsure","Yes","Yes","No","Yes","Unsure","Unsure","No","No","Yes","No","Male","60+","White, non-Hispanic","Post grad study/professional degree","$30,000 to under $60,000","Non-Metro Area"
84,0.5418867773,"Yes","Yes","Yes","Yes","Yes","Yes","Yes","Yes","Yes","Yes","Yes","Yes","Yes","Yes","Yes","Yes","Male","30-44","White, non-Hispanic","Bachelor's degree","$60,000 to under $100,000","Non-Metro Area"
85,3.2549600636,"Unsure","Unsure","Unsure","Unsure","No","No","No","No","Yes","No","No","No","No","No","No","No","Female","60+","White, non-Hispanic","HS graduate or equivalent","$100,000 or more","Non-Metro Area"
86,0.9922398932,"Yes","Yes","Yes","Yes","Yes","Yes","Yes","Yes","Yes","Yes","Yes","Yes","Yes","Yes","Yes","Yes","Male","30-44","White, non-Hispanic","Bachelor's degree","$100,000 or more","Metro Area"
87,0.2975268656,"Yes","Yes","Yes","Yes","Yes","Yes","Yes","Yes","Unsure","Yes","Yes","Unsure","Unsure","Unsure","Yes","Yes","Female","45-59","White, non-Hispanic","Some college/ associates degree","$60,000 to under $100,000","Non-Metro Area"
88,1.6536429052,"Yes","Yes","Yes","Yes","No","No","No","Yes","Yes","No","Yes","No","No","No","Yes","No","Male","45-59","White, non-Hispanic","Bachelor's degree","$60,000 to under $100,000","Metro Area"
89,0.6173237697,"Yes","Yes","Yes","Yes","Yes","Yes","Yes","Yes","Yes","Yes","Yes","Yes","Yes","Yes","Yes","Yes","Female","60+","White, non-Hispanic","Post grad study/professional degree","$100,000 or more","Metro Area"
90,0.9436563003,"Yes","Yes","Yes","Yes","Yes","Yes","Yes","Yes","Unsure","Yes","Unsure","Unsure","Yes","Yes","Yes","Yes","Female","45-59","White, non-Hispanic","Bachelor's degree","$100,000 or more","Metro Area"
91,0.580272897,"Yes","No","No","Yes","No","Unsure","Yes","Unsure","Yes","No","No","Unsure","Unsure","Unsure","Unsure","Unsure","Male","45-59","White, non-Hispanic","Some college/ associates degree","$60,000 to under $100,000","Non-Metro Area"
92,0.5400984075,"Yes","Yes","Yes","Yes","No","Yes","No","No","Yes","Yes","Yes","No","Yes","No","Yes","Yes","Male","60+","White, non-Hispanic","Some college/ associates degree","$60,000 to under $100,000","Metro Area"
93,1.2708433869,"Yes","Yes","Yes","Yes","Yes","No","Yes","Yes","No","Yes","Yes","Yes","No","Yes","Yes","Yes","Female","45-59","White, non-Hispanic","Bachelor's degree","$100,000 or more","Metro Area"
94,0.7240308689,"Yes","Yes","Yes","Yes","Yes","Yes","Yes","Yes","Yes","Yes","Yes","Yes","Yes","Yes","Yes","Yes","Male","30-44","White, non-Hispanic","Some college/ associates degree","$100,000 or more","Non-Metro Area"
95,0.4409907007,"Yes","No","Yes","Yes","No","Yes","No","Yes","No","Yes","No","No","Yes","No","Yes","No","Female","45-59","White, non-Hispanic","Some college/ associates degree","$60,000 to under $100,000","Metro Area"
96,0.5712715493,"Yes","Yes","Yes","Yes","Unsure","Yes","Yes","Yes","Yes","Yes","No","No","Yes","Unsure","Yes","Unsure","Male","18-29","White, non-Hispanic","Some college/ associates degree","$60,000 to under $100,000","Non-Metro Area"
97,1.0417196945,"Yes","Yes","Yes","Yes","Unsure","Yes","Yes","Yes","Yes","Unsure","Unsure","Unsure","Unsure","Unsure","Yes","No","Female","30-44","2+, non-Hispanic","HS graduate or equivalent","Less than $30,000","Metro Area"
98,0.4506411922,"Yes","No","Yes","Yes","No","Yes","Yes","Yes","Yes","Yes","Yes","Yes","No","No","Yes","No","Male","30-44","White, non-Hispanic","Less than HS","Less than $30,000","Metro Area"
99,0.7347974447,"Yes","No","Yes","Yes","No","No","No","No","No","No","No","No","Yes","No","Yes","No","Female","60+","White, non-Hispanic","HS graduate or equivalent","$100,000 or more","Non-Metro Area"
100,1.0496803637,"Yes","No","Yes","Yes","SKIPPED ON WEB","SKIPPED ON WEB","SKIPPED ON WEB","SKIPPED ON WEB","No","Yes","No","No","No","No","Yes","No","Female","60+","White, non-Hispanic","HS graduate or equivalent","$30,000 to under $60,000","Non-Metro Area"
101,3.4187052589,"Yes","Unsure","Yes","Yes","Unsure","Yes","Yes","Yes","Unsure","Yes","Yes","Yes","Unsure","Unsure","Yes","Unsure","Male","45-59","White, non-Hispanic","HS graduate or equivalent","$100,000 or more","Metro Area"
102,0.6233396636,"Yes","Yes","Yes","Yes","Yes","Yes","Yes","Yes","Unsure","Yes","Unsure","Unsure","Unsure","Yes","Yes","Yes","Female","30-44","White, non-Hispanic","Bachelor's degree","$30,000 to under $60,000","Metro Area"
103,0.4297319525,"Yes","Unsure","Yes","Yes","No","No","Yes","Yes","No","Unsure","Unsure","Unsure","No","No","Yes","Unsure","Female","45-59","White, non-Hispanic","Some college/ associates degree","$60,000 to under $100,000","Non-Metro Area"
104,1.1342518931,"Yes","No","Yes","Yes","No","Yes","Yes","Yes","Yes","Yes","No","No","No","No","Yes","No","Female","45-59","White, non-Hispanic","Some college/ associates degree","$30,000 to under $60,000","Metro Area"
105,0.9076573217,"Yes","No","Yes","Yes","No","No","Yes","Yes","Yes","Yes","No","No","No","No","Yes","No","Female","45-59","White, non-Hispanic","HS graduate or equivalent","$60,000 to under $100,000","Non-Metro Area"
106,2.3455206167,"Yes","No","Yes","Yes","No","No","No","No","No","Yes","No","No","No","No","Yes","SKIPPED ON WEB","Female","60+","White, non-Hispanic","HS graduate or equivalent","$30,000 to under $60,000","Metro Area"
107,1.3059421733,"Yes","Yes","Yes","Yes","Unsure","Unsure","Yes","Yes","No","Yes","No","No","Unsure","Unsure","Yes","Unsure","Female","30-44","Asian-Pacific Islander, non-Hispanic","HS graduate or equivalent","Less than $30,000","Metro Area"
108,0.3957155817,"Yes","Yes","Yes","Yes","Yes","Yes","Yes","Yes","No","Yes","Yes","Yes","Yes","Yes","Yes","Yes","Male","30-44","White, non-Hispanic","Post grad study/professional degree","$100,000 or more","Metro Area"
109,0.4212520688,"Yes","Yes","Yes","Yes","Yes","Yes","Yes","Yes","Yes","Yes","Yes","Unsure","Yes","Yes","Yes","Yes","Female","45-59","White, non-Hispanic","Post grad study/professional degree","$100,000 or more","Metro Area"
110,0.8991835272,"Yes","Yes","Yes","Yes","Yes","Yes","Yes","Yes","Yes","Yes","Yes","Yes","Yes","Yes","Yes","Yes","Female","45-59","White, non-Hispanic","Bachelor's degree","$100,000 or more","Metro Area"
111,1.2855801177,"Yes","Yes","Yes","Yes","Yes","Yes","Yes","Yes","Yes","Yes","Yes","Yes","Yes","Yes","Yes","Yes","Male","45-59","Asian-Pacific Islander, non-Hispanic","Post grad study/professional degree","$100,000 or more","Metro Area"
112,0.3495227047,"Yes","Yes","Yes","Yes","Yes","Yes","Yes","Yes","Yes","Yes","Yes","Unsure","Yes","Yes","Yes","Yes","Female","60+","White, non-Hispanic","Bachelor's degree","$100,000 or more","Metro Area"
113,1.6302282771,"Yes","No","No","Yes","No","No","No","Unsure","Yes","Unsure","Unsure","Unsure","No","No","Yes","Unsure","Female","30-44","2+, non-Hispanic","Some college/ associates degree","$30,000 to under $60,000","Non-Metro Area"
114,0.3747710731,"Yes","Yes","Yes","Yes","Yes","No","Yes","Yes","No","Yes","Yes","Yes","No","No","Yes","Yes","Female","30-44","White, non-Hispanic","Bachelor's degree","$100,000 or more","Metro Area"
115,0.699207674,"Yes","No","Yes","Yes","No","No","No","No","No","No","No","No","No","No","No","No","Male","60+","White, non-Hispanic","Some college/ associates degree","$30,000 to under $60,000","Non-Metro Area"
116,1.045945314,"Yes","Yes","Yes","Yes","Yes","Yes","Yes","Yes","Yes","Yes","Yes","Yes","Yes","Yes","Yes","Yes","Male","30-44","White, non-Hispanic","Bachelor's degree","$100,000 or more","Metro Area"
117,1.0431688721,"Yes","Yes","Yes","Yes","Yes","Yes","Yes","Yes","Yes","Yes","Yes","Yes","Yes","Yes","Yes","Yes","Male","60+","White, non-Hispanic","Post grad study/professional degree","$60,000 to under $100,000","Metro Area"
118,0.8302183289,"Yes","Yes","Yes","Yes","Yes","Yes","Yes","Yes","Yes","Yes","No","No","Yes","Yes","Yes","Yes","Male","30-44","White, non-Hispanic","Some college/ associates degree","Less than $30,000","Metro Area"
119,0.2106207027,"Yes","Yes","Yes","Yes","Yes","No","Yes","Yes","Yes","Yes","Yes","Yes","No","No","Yes","Yes","Female","30-44","White, non-Hispanic","Bachelor's degree","$100,000 or more","Metro Area"
120,0.5450147333,"Yes","Yes","Yes","Yes","No","No","Yes","No","No","No","No","No","Unsure","No","Yes","Yes","Female","30-44","White, non-Hispanic","Some college/ associates degree","Less than $30,000","Metro Area"
121,1.112920171,"Yes","Yes","Yes","Yes","No","Yes","Yes","Yes","No","Yes","No","No","Yes","No","Yes","Yes","Female","30-44","White, non-Hispanic","Post grad study/professional degree","$100,000 or more","Metro Area"
122,1.6538180399,"Yes","Yes","Yes","Yes","No","No","Yes","Yes","No","Unsure","Yes","No","Yes","Yes","Yes","Unsure","Female","60+","Other, non-Hispanic","Some college/ associates degree","Less than $30,000","Metro Area"
123,0.5336761276,"Yes","No","Yes","Yes","No","Yes","No","Yes","Yes","No","No","No","No","No","Yes","No","Female","45-59","White, non-Hispanic","Some college/ associates degree","$30,000 to under $60,000","Metro Area"
124,0.5523549532,"Yes","Yes","Yes","Yes","Yes","Yes","Yes","Yes","No","Yes","Unsure","Yes","No","No","Yes","Yes","Male","30-44","Asian-Pacific Islander, non-Hispanic","Some college/ associates degree","$100,000 or more","Metro Area"
125,1.0479452198,"Yes","Yes","Yes","Yes","Yes","Yes","Yes","Yes","Unsure","Yes","Yes","Yes","Unsure","Unsure","Yes","Yes","Female","30-44","Asian-Pacific Islander, non-Hispanic","Post grad study/professional degree","$100,000 or more","Metro Area"
126,1.7270370311,"Yes","Yes","Yes","Yes","Yes","Yes","Yes","Yes","Yes","Yes","Yes","Yes","Yes","Unsure","Yes","Yes","Male","45-59","White, non-Hispanic","Post grad study/professional degree","$60,000 to under $100,000","Metro Area"
127,0.9759210016,"Yes","Yes","Yes","Yes","Yes","Unsure","No","No","No","Yes","No","No","Unsure","No","Yes","Unsure","Male","60+","White, non-Hispanic","Post grad study/professional degree","$100,000 or more","Metro Area"
128,1.1988103151,"Yes","No","Yes","Yes","Yes","Unsure","Yes","Yes","No","Yes","Unsure","Unsure","Yes","Yes","Yes","No","Male","60+","White, non-Hispanic","Post grad study/professional degree","$100,000 or more","Metro Area"
129,2.0740807041,"Yes","No","Yes","Yes","No","No","No","No","No","No","No","No","No","No","Yes","No","Female","60+","White, non-Hispanic","Less than HS","$100,000 or more","Metro Area"
130,0.4516117907,"Yes","Yes","Yes","Yes","No","No","Yes","Yes","Yes","No","No","Yes","No","No","Yes","No","Male","30-44","White, non-Hispanic","Post grad study/professional degree","$100,000 or more","Metro Area"
131,2.7833835242,"Yes","No","Yes","Yes","No","SKIPPED ON WEB","Yes","No","No","SKIPPED ON WEB","No","No","No","SKIPPED ON WEB","No","No","Female","60+","White, non-Hispanic","HS graduate or equivalent","Less than $30,000","Metro Area"
132,0.2614147645,"Yes","Yes","Yes","Yes","No","Yes","Yes","Yes","Yes","Yes","Yes","Yes","No","Yes","Yes","Yes","Male","45-59","White, non-Hispanic","Some college/ associates degree","$60,000 to under $100,000","Metro Area"
133,0.8868120896,"Yes","Yes","Yes","Yes","Yes","Yes","Yes","Yes","No","Yes","Yes","No","Yes","Yes","Yes","Yes","Male","60+","White, non-Hispanic","Post grad study/professional degree","$100,000 or more","Metro Area"
134,1.5294703632,"Yes","Yes","Yes","Yes","No","No","Yes","Yes","No","Yes","No","No","Yes","No","Yes","Yes","Male","45-59","White, non-Hispanic","Some college/ associates degree","$30,000 to under $60,000","Metro Area"
135,1.0705485492,"Yes","Yes","Yes","Yes","Yes","Yes","Yes","Yes","Yes","Yes","Yes","Yes","Yes","Yes","Yes","Yes","Male","45-59","White, non-Hispanic","Post grad study/professional degree","$100,000 or more","Metro Area"
136,0.6680282296,"Yes","Yes","Yes","Yes","No","Yes","Yes","Yes","Yes","Yes","Yes","Yes","No","Yes","Yes","Yes","Male","30-44","White, non-Hispanic","Post grad study/professional degree","$100,000 or more","Metro Area"
137,2.3499997392,"Yes","Yes","Yes","Yes","Yes","Yes","Yes","Yes","Yes","Yes","Yes","Yes","Yes","Yes","Yes","Yes","Male","60+","White, non-Hispanic","Post grad study/professional degree","$100,000 or more","Metro Area"
138,0.5139195469,"Yes","No","Yes","Yes","No","No","Yes","No","No","No","No","No","No","No","Yes","No","Male","60+","White, non-Hispanic","Some college/ associates degree","Less than $30,000","Metro Area"
139,0.1525195737,"Yes","Yes","Yes","Yes","Yes","Yes","Yes","Yes","Yes","Yes","Yes","Yes","Yes","Yes","Yes","Yes","Male","30-44","White, non-Hispanic","Post grad study/professional degree","$100,000 or more","Non-Metro Area"
140,0.5569493389,"Yes","Yes","Yes","Yes","Yes","Yes","Yes","Yes","Yes","Yes","Yes","Yes","Yes","Yes","Yes","Yes","Female","60+","White, non-Hispanic","Post grad study/professional degree","$30,000 to under $60,000","Metro Area"
141,1.5562309008,"Yes","Yes","Yes","Yes","Yes","Yes","Yes","Yes","Yes","Yes","Yes","Yes","No","No","Yes","Yes","Male","45-59","Other, non-Hispanic","Bachelor's degree","$30,000 to under $60,000","Metro Area"
142,0.690960526,"Yes","No","Yes","Yes","No","Yes","Yes","Yes","Yes","Yes","Yes","Yes","Unsure","Yes","Yes","Yes","Male","60+","White, non-Hispanic","Some college/ associates degree","$100,000 or more","Metro Area"
143,0.5298155721,"Yes","Yes","Yes","Yes","No","Yes","No","Yes","No","Yes","Yes","SKIPPED ON WEB","No","Unsure","Yes","Yes","Male","60+","White, non-Hispanic","Some college/ associates degree","$30,000 to under $60,000","Non-Metro Area"
144,0.7390602317,"Yes","Yes","Yes","Yes","No","Yes","Yes","No","No","No","No","No","No","No","Yes","Yes","Female","60+","White, non-Hispanic","Some college/ associates degree","$100,000 or more","Non-Metro Area"
145,1.1929818785,"Yes","Yes","Yes","Yes","No","No","Yes","No","No","No","Unsure","No","No","Unsure","No","No","Male","30-44","White, non-Hispanic","HS graduate or equivalent","$60,000 to under $100,000","Metro Area"
146,0.3954648866,"Yes","Unsure","Yes","Yes","No","Unsure","Yes","Yes","No","Yes","No","No","Unsure","No","Yes","Unsure","Female","45-59","White, non-Hispanic","Some college/ associates degree","$30,000 to under $60,000","Metro Area"
147,0.8655723347,"Yes","Yes","Yes","Yes","Yes","Yes","Yes","Yes","Yes","Yes","No","No","Yes","No","Yes","Unsure","Male","45-59","Asian-Pacific Islander, non-Hispanic","Some college/ associates degree","$100,000 or more","Metro Area"
148,0.2822918529,"Yes","Yes","Yes","Yes","Yes","Yes","Yes","Yes","Yes","Yes","Yes","Yes","Yes","Yes","Yes","Yes","Male","30-44","White, non-Hispanic","Some college/ associates degree","$60,000 to under $100,000","Metro Area"
149,3.2025447009,"Yes","No","Yes","Yes","No","Yes","Yes","Yes","No","Yes","No","No","No","No","Yes","Yes","Male","45-59","Asian-Pacific Islander, non-Hispanic","Post grad study/professional degree","$100,000 or more","Metro Area"
150,0.5682986963,"Yes","No","Yes","Yes","No","No","No","No","No","No","No","No","No","No","Yes","No","Male","30-44","White, non-Hispanic","Some college/ associates degree","$30,000 to under $60,000","Metro Area"
151,1.2461952735,"Yes","Yes","Yes","Yes","Yes","Yes","Yes","Yes","Yes","Yes","Yes","Yes","Yes","Unsure","Yes","Unsure","Male","30-44","White, non-Hispanic","Bachelor's degree","$60,000 to under $100,000","Metro Area"
152,1.2922665077,"Yes","Yes","Yes","Yes","No","No","Yes","No","No","Yes","Yes","No","Yes","No","Yes","No","Female","30-44","White, non-Hispanic","Post grad study/professional degree","$100,000 or more","Metro Area"
153,0.6607318888,"Yes","No","Yes","Yes","No","No","No","Yes","No","No","Yes","Yes","No","Yes","Yes","Yes","Male","60+","White, non-Hispanic","Some college/ associates degree","Less than $30,000","Metro Area"
154,0.5525781282,"Yes","Unsure","Yes","Yes","No","Yes","Yes","Yes","Yes","No","No","No","No","No","Yes","Yes","Male","60+","White, non-Hispanic","Some college/ associates degree","$100,000 or more","Metro Area"
155,1.3703419966,"Yes","Yes","Yes","Yes","No","No","No","No","No","No","No","No","No","No","Unsure","Unsure","Female","60+","White, non-Hispanic","Some college/ associates degree","Less than $30,000","Metro Area"
156,0.6176523887,"Yes","Yes","Yes","Yes","Yes","Unsure","Unsure","Yes","Yes","Yes","Unsure","Unsure","Yes","Unsure","Yes","Yes","Male","45-59","White, non-Hispanic","Bachelor's degree","$100,000 or more","Metro Area"
157,0.4255364787,"Yes","Yes","Yes","Yes","Unsure","Yes","No","Yes","Yes","Yes","Yes","Yes","Yes","Unsure","Yes","Yes","Female","30-44","White, non-Hispanic","Some college/ associates degree","$30,000 to under $60,000","Metro Area"
158,0.323953367,"Yes","Yes","Yes","Yes","No","Unsure","No","Yes","Yes","Yes","Unsure","No","Yes","No","Yes","Yes","Male","60+","White, non-Hispanic","Some college/ associates degree","$60,000 to under $100,000","Metro Area"
159,0.2945065383,"Yes","Yes","Yes","Yes","No","Yes","Yes","No","No","No","No","No","No","No","No","No","Female","30-44","White, non-Hispanic","Some college/ associates degree","$60,000 to under $100,000","Metro Area"
160,0.4266685682,"Yes","Yes","Yes","Yes","Yes","Yes","Yes","Yes","Yes","Yes","Yes","Yes","Yes","Yes","Yes","Yes","Male","60+","White, non-Hispanic","Some college/ associates degree","$30,000 to under $60,000","Non-Metro Area"
161,0.3591187082,"Yes","Yes","Yes","Yes","No","Yes","Yes","Yes","No","Yes","No","No","No","Yes","Yes","Yes","Female","45-59","Asian-Pacific Islander, non-Hispanic","Post grad study/professional degree","$100,000 or more","Metro Area"
162,0.3110622886,"Yes","Yes","Yes","Yes","Yes","Yes","Yes","Unsure","No","Unsure","No","No","Yes","Yes","Yes","Yes","Male","45-59","Other, non-Hispanic","Some college/ associates degree","Less than $30,000","Metro Area"
163,0.2408301404,"Yes","Yes","Yes","Yes","No","No","Yes","Yes","No","Yes","No","No","No","Yes","Yes","Yes","Male","45-59","White, non-Hispanic","Some college/ associates degree","$60,000 to under $100,000","Metro Area"
164,1.2031600852,"Yes","Yes","Yes","Yes","Yes","No","Yes","Yes","Yes","Yes","Unsure","Unsure","No","No","Yes","Yes","Male","60+","White, non-Hispanic","Post grad study/professional degree","$30,000 to under $60,000","Non-Metro Area"
165,0.1280766159,"No","No","No","No","No","No","No","No","No","No","No","No","No","No","No","SKIPPED ON WEB","Female","60+","White, non-Hispanic","Some college/ associates degree","$30,000 to under $60,000","Non-Metro Area"
166,1.8057496501,"No","No","No","No","No","Yes","No","No","No","No","No","No","No","No","No","Yes","Female","60+","White, non-Hispanic","HS graduate or equivalent","$30,000 to under $60,000","Metro Area"
167,1.8578140583,"Yes","Unsure","Yes","Yes","Unsure","Unsure","Yes","Unsure","Yes","Yes","No","No","Unsure","Unsure","Yes","Unsure","Female","60+","White, non-Hispanic","Some college/ associates degree","$30,000 to under $60,000","Metro Area"
168,0.1349812899,"Yes","Yes","Yes","Yes","Yes","Yes","Yes","Yes","Yes","Yes","Yes","Yes","Yes","Yes","Yes","Yes","Male","45-59","2+, non-Hispanic","Bachelor's degree","Less than $30,000","Metro Area"
169,1.2568173218,"Yes","Yes","Yes","Yes","No","Yes","Yes","Yes","Unsure","Yes","Yes","No","Yes","Yes","Yes","Yes","Female","45-59","White, non-Hispanic","Some college/ associates degree","$30,000 to under $60,000","Non-Metro Area"
170,0.4425188495,"Yes","Yes","Yes","Yes","No","Yes","Yes","Yes","No","Yes","No","No","Yes","No","Yes","Yes","Male","60+","White, non-Hispanic","Some college/ associates degree","$100,000 or more","Non-Metro Area"
171,0.3090873849,"Yes","No","Yes","Yes","No","Yes","Yes","Yes","Unsure","Yes","Unsure","Unsure","No","No","Unsure","Unsure","Female","45-59","White, non-Hispanic","Some college/ associates degree","Less than $30,000","Metro Area"
172,1.0117582869,"Yes","Yes","Yes","Yes","No","No","Yes","No","No","No","No","No","No","No","Yes","Yes","Male","30-44","White, non-Hispanic","Some college/ associates degree","$60,000 to under $100,000","Metro Area"
173,0.8018633576,"Yes","No","Yes","Yes","No","Yes","Yes","Yes","Yes","Yes","Yes","Yes","Yes","Yes","Yes","Yes","Female","30-44","White, non-Hispanic","Post grad study/professional degree","$100,000 or more","Metro Area"
174,0.3872236516,"Yes","Yes","Yes","Yes","Yes","Yes","Yes","Yes","No","Yes","Yes","Yes","No","Yes","Yes","Yes","Male","60+","White, non-Hispanic","Some college/ associates degree","$100,000 or more","Metro Area"
175,0.2629771521,"Yes","Yes","Yes","Yes","Unsure","Yes","Yes","Yes","Unsure","Yes","Unsure","Unsure","No","No","Yes","Unsure","Male","45-59","White, non-Hispanic","Some college/ associates degree","$30,000 to under $60,000","Non-Metro Area"
176,1.0765556694,"Yes","Unsure","Yes","Yes","Yes","Unsure","Yes","Unsure","No","Unsure","No","No","No","No","Yes","Yes","Female","45-59","White, non-Hispanic","HS graduate or equivalent","$30,000 to under $60,000","Non-Metro Area"
177,0.3174792094,"Yes","Yes","Yes","Yes","No","Yes","Yes","Yes","Yes","Yes","Yes","Yes","No","Unsure","Yes","Yes","Female","30-44","White, non-Hispanic","Some college/ associates degree","$30,000 to under $60,000","Metro Area"
178,0.8544457351,"Yes","Yes","Yes","Yes","Yes","Yes","Yes","Yes","Yes","Yes","Yes","Yes","Yes","Yes","Yes","Yes","Male","30-44","White, non-Hispanic","Bachelor's degree","$100,000 or more","Metro Area"
179,0.456396709,"Yes","Yes","Yes","Yes","Yes","Yes","Yes","Yes","Yes","Yes","Yes","Yes","No","Yes","Yes","Yes","Male","45-59","White, non-Hispanic","Post grad study/professional degree","$100,000 or more","Metro Area"
180,0.5925058318,"Yes","Yes","Yes","SKIPPED ON WEB","Unsure","Yes","Yes","Yes","Yes","Yes","Unsure","Yes","Yes","No","Yes","Yes","Female","30-44","White, non-Hispanic","Some college/ associates degree","$30,000 to under $60,000","Metro Area"
181,0.5380829573,"Yes","Yes","Yes","Yes","No","Unsure","Yes","Yes","Yes","Yes","Yes","Yes","No","No","Yes","Unsure","Female","45-59","White, non-Hispanic","Bachelor's degree","$100,000 or more","Metro Area"
182,0.5320833054,"Yes","Yes","Yes","Yes","Yes","No","No","Yes","Yes","Yes","Yes","Yes","Yes","Yes","Yes","Yes","Male","30-44","White, non-Hispanic","Post grad study/professional degree","$100,000 or more","Metro Area"
183,2.0125129012,"Yes","Yes","Yes","Yes","No","Yes","No","No","Yes","No","Yes","No","Yes","Yes","Yes","No","Female","60+","White, non-Hispanic","HS graduate or equivalent","Less than $30,000","Non-Metro Area"
184,0.3329786055,"No","No","Yes","Yes","No","No","No","No","No","No","No","No","No","No","Unsure","No","Female","60+","White, non-Hispanic","HS graduate or equivalent","Less than $30,000","Non-Metro Area"
185,0.6923824718,"Yes","Yes","Yes","Yes","Unsure","Yes","Yes","Yes","Yes","Yes","Unsure","Yes","Unsure","Yes","Yes","Unsure","Female","45-59","White, non-Hispanic","Bachelor's degree","$60,000 to under $100,000","Metro Area"
186,0.9252461709,"Yes","Yes","Yes","Yes","Yes","Yes","Yes","Yes","Yes","Yes","Yes","No","Yes","Unsure","Yes","Unsure","Female","45-59","White, non-Hispanic","Bachelor's degree","$100,000 or more","Metro Area"
187,0.6222707329,"Yes","Yes","Yes","Yes","Yes","Yes","Yes","Yes","Yes","Yes","Yes","Yes","Yes","Yes","SKIPPED ON WEB","Yes","Female","45-59","White, non-Hispanic","Some college/ associates degree","$100,000 or more","Metro Area"
188,5.8518119249,"Yes","Yes","Yes","Yes","No","Yes","Yes","Yes","No","Yes","No","No","No","Yes","Yes","Yes","Male","45-59","White, non-Hispanic","Bachelor's degree","$100,000 or more","Metro Area"
189,4.8673069366,"Yes","No","Unsure","Yes","No","No","Yes","No","No","No","No","No","Yes","No","Yes","No","Female","30-44","White, non-Hispanic","HS graduate or equivalent","Less than $30,000","Metro Area"
190,0.3125126023,"Yes","Yes","Yes","Yes","Yes","Yes","Yes","Yes","Yes","No","Yes","Yes","Yes","Yes","Yes","Yes","Male","30-44","White, non-Hispanic","Post grad study/professional degree","$100,000 or more","Metro Area"
191,0.850003867,"Yes","Yes","Yes","Yes","Unsure","Yes","No","Yes","Yes","Yes","No","Yes","Yes","No","Yes","Unsure","Male","60+","Asian-Pacific Islander, non-Hispanic","Some college/ associates degree","$100,000 or more","Metro Area"
192,0.6502469709,"Yes","Yes","Yes","Yes","Yes","Yes","Yes","Yes","Yes","Yes","Yes","Yes","Yes","Yes","Yes","Yes","Male","60+","White, non-Hispanic","Bachelor's degree","$30,000 to under $60,000","Metro Area"
193,0.704846007,"Yes","Yes","Yes","Yes","No","Yes","Yes","Yes","Yes","Yes","No","No","Unsure","No","Yes","No","Male","30-44","White, non-Hispanic","Some college/ associates degree","Less than $30,000","Metro Area"
194,0.3910536969,"Yes","No","Yes","Yes","No","No","Yes","Yes","No","No","No","No","No","No","Yes","No","Male","30-44","White, non-Hispanic","Bachelor's degree","$100,000 or more","Metro Area"
195,1.2494112076,"Yes","Yes","Yes","Yes","Yes","Yes","Yes","Yes","Yes","Yes","Unsure","Unsure","Yes","No","Yes","Yes","Female","45-59","White, non-Hispanic","Bachelor's degree","$100,000 or more","Metro Area"
196,0.2736094528,"Yes","Yes","Yes","Yes","Unsure","Unsure","Unsure","Yes","Yes","Yes","Unsure","Unsure","Unsure","Unsure","Yes","Yes","Female","45-59","White, non-Hispanic","Some college/ associates degree","$100,000 or more","Non-Metro Area"
197,0.5349358846,"Yes","Unsure","Yes","Yes","No","No","Yes","Unsure","No","Yes","No","Unsure","No","No","Yes","No","Male","30-44","White, non-Hispanic","Bachelor's degree","$60,000 to under $100,000","Metro Area"
198,0.8817325416,"Yes","Yes","Yes","Yes","Yes","Yes","Yes","Yes","Unsure","Yes","Unsure","Unsure","Yes","Yes","Yes","Yes","Male","45-59","White, non-Hispanic","Post grad study/professional degree","$100,000 or more","Metro Area"
199,0.2989036608,"Yes","Yes","Yes","Yes","No","Yes","Yes","Yes","No","Yes","Yes","Yes","No","No","Yes","Yes","Female","30-44","White, non-Hispanic","Post grad study/professional degree","$30,000 to under $60,000","Non-Metro Area"
200,0.6042662366,"Yes","No","Yes","Yes","No","No","Yes","No","No","Yes","Yes","No","No","No","Yes","Unsure","Female","60+","White, non-Hispanic","Some college/ associates degree","$60,000 to under $100,000","Metro Area"
201,0.1602169349,"Yes","Yes","Yes","Yes","No","Unsure","Unsure","Yes","Unsure","No","No","No","No","Yes","Yes","Yes","Female","60+","White, non-Hispanic","Some college/ associates degree","$60,000 to under $100,000","Metro Area"
202,0.1555797854,"Yes","Yes","Yes","Yes","No","Yes","Yes","Unsure","Yes","No","Yes","Unsure","No","No","Yes","Yes","Male","30-44","White, non-Hispanic","Some college/ associates degree","$100,000 or more","Metro Area"
203,0.148189677,"Yes","Yes","Yes","Yes","Yes","Yes","Yes","Yes","Yes","Yes","Yes","Yes","Yes","Yes","Yes","Yes","Male","30-44","White, non-Hispanic","Bachelor's degree","$100,000 or more","Metro Area"
204,1.6723873249,"Yes","Unsure","Yes","Yes","Unsure","Unsure","Unsure","Unsure","Unsure","Unsure","Unsure","Unsure","Unsure","No","Yes","No","Female","60+","White, non-Hispanic","Some college/ associates degree","$100,000 or more","Metro Area"
205,1.7960056896,"Yes","Yes","Yes","Yes","Yes","Yes","Yes","Yes","Unsure","Yes","Unsure","Unsure","Unsure","Unsure","Yes","Yes","Female","45-59","White, non-Hispanic","Post grad study/professional degree","$100,000 or more","Metro Area"
206,0.4215263786,"No","No","Yes","Yes","No","No","No","No","No","No","No","No","No","No","Yes","No","Male","60+","White, non-Hispanic","Some college/ associates degree","$30,000 to under $60,000","Metro Area"
207,1.0084163185,"Yes","No","Yes","Yes","No","Yes","Yes","Yes","Yes","Yes","Yes","Yes","No","Yes","Yes","Yes","Female","60+","White, non-Hispanic","Some college/ associates degree","$60,000 to under $100,000","Metro Area"
208,1.073867625,"Yes","No","No","Yes","No","No","No","No","Yes","No","No","No","No","No","No","No","Female","60+","White, non-Hispanic","Bachelor's degree","$30,000 to under $60,000","Metro Area"
209,2.9556886753,"Yes","Yes","Yes","Yes","No","No","Yes","No","Yes","No","No","No","Yes","No","Yes","Yes","Male","30-44","White, non-Hispanic","HS graduate or equivalent","$30,000 to under $60,000","Metro Area"
210,0.991442893,"Yes","Yes","Yes","Yes","Yes","Yes","Yes","No","No","No","No","No","No","No","No","No","Female","18-29","2+, non-Hispanic","Some college/ associates degree","$60,000 to under $100,000","Metro Area"
211,1.8510393118,"Yes","Yes","Yes","Yes","No","Yes","Yes","Yes","No","Yes","Yes","Yes","No","No","Yes","No","Female","30-44","Asian-Pacific Islander, non-Hispanic","Post grad study/professional degree","$100,000 or more","Metro Area"
212,0.3398125278,"Yes","Yes","Yes","SKIPPED ON WEB","No","Yes","Yes","Yes","Yes","Yes","Yes","Yes","Yes","Yes","Yes","Yes","Male","60+","2+, non-Hispanic","Some college/ associates degree","Less than $30,000","Non-Metro Area"
213,0.8834183727,"Yes","Yes","Yes","Yes","No","Yes","Yes","Yes","Yes","No","No","No","No","No","Yes","Yes","Male","30-44","White, non-Hispanic","Some college/ associates degree","Less than $30,000","Metro Area"
214,0.1240585008,"Yes","Yes","Yes","Yes","Yes","No","No","No","No","No","No","No","No","No","Yes","No","Female","30-44","White, non-Hispanic","Post grad study/professional degree","$30,000 to under $60,000","Metro Area"
215,0.2478925136,"Yes","Yes","Yes","Yes","No","Yes","Yes","No","No","No","No","No","No","No","Yes","Yes","Male","60+","White, non-Hispanic","Some college/ associates degree","$60,000 to under $100,000","Metro Area"
216,1.2127952536,"SKIPPED ON WEB","SKIPPED ON WEB","SKIPPED ON WEB","SKIPPED ON WEB","SKIPPED ON WEB","SKIPPED ON WEB","SKIPPED ON WEB","SKIPPED ON WEB","SKIPPED ON WEB","SKIPPED ON WEB","SKIPPED ON WEB","SKIPPED ON WEB","SKIPPED ON WEB","SKIPPED ON WEB","SKIPPED ON WEB","SKIPPED ON WEB","Female","60+","White, non-Hispanic","HS graduate or equivalent","$60,000 to under $100,000","Metro Area"
217,1.0779070382,"Yes","Unsure","Yes","Yes","Unsure","Yes","Yes","Yes","Yes","Yes","No","No","Yes","Yes","Yes","Unsure","Female","45-59","White, non-Hispanic","Some college/ associates degree","$30,000 to under $60,000","Metro Area"
218,1.4319801459,"Yes","Unsure","Yes","Yes","Unsure","No","No","No","No","No","No","No","No","No","No","No","Male","45-59","White, non-Hispanic","HS graduate or equivalent","$30,000 to under $60,000","Metro Area"
219,0.912730509,"Yes","No","Yes","Yes","No","Yes","Yes","No","Yes","Yes","No","No","Yes","No","Yes","No","Male","60+","White, non-Hispanic","Some college/ associates degree","$100,000 or more","Non-Metro Area"
220,0.2378532387,"Yes","No","Yes","Yes","No","No","Yes","No","Unsure","No","No","No","Unsure","No","Yes","No","Female","60+","White, non-Hispanic","Some college/ associates degree","$30,000 to under $60,000","Non-Metro Area"
221,0.3427987874,"Yes","Yes","Yes","Yes","No","Yes","Yes","No","No","No","Yes","Yes","No","No","Yes","No","Male","30-44","White, non-Hispanic","Some college/ associates degree","$60,000 to under $100,000","Metro Area"
222,1.9925957583,"Yes","No","Yes","Yes","No","No","Yes","No","No","No","No","No","No","No","Yes","No","Male","45-59","White, non-Hispanic","Less than HS","$30,000 to under $60,000","Non-Metro Area"
223,0.8048542037,"Yes","Yes","Yes","Yes","Yes","Yes","Yes","Yes","Yes","Yes","Unsure","Unsure","No","Yes","Yes","Yes","Male","60+","White, non-Hispanic","Bachelor's degree","$60,000 to under $100,000","Metro Area"
224,2.3153658572,"Yes","Unsure","Yes","Yes","Yes","Unsure","Yes","Yes","Yes","Yes","Yes","Unsure","Unsure","Yes","Yes","Yes","Male","60+","White, non-Hispanic","Bachelor's degree","$60,000 to under $100,000","Metro Area"
225,0.3703400713,"Yes","Yes","Yes","Yes","No","Yes","Yes","Yes","No","Yes","No","No","Yes","Yes","Yes","Yes","Female","30-44","White, non-Hispanic","Some college/ associates degree","$100,000 or more","Metro Area"
226,0.5514180969,"Yes","Yes","Yes","Yes","Yes","Yes","Yes","Yes","Yes","Yes","Unsure","Yes","No","No","Yes","Yes","Female","30-44","White, non-Hispanic","Some college/ associates degree","Less than $30,000","Non-Metro Area"
227,0.7018514273,"Yes","Yes","Yes","Yes","Yes","Yes","Yes","Yes","Yes","Yes","Yes","Yes","Yes","Yes","Yes","Yes","Male","45-59","White, non-Hispanic","Some college/ associates degree","$30,000 to under $60,000","Metro Area"
228,1.1449947878,"Yes","No","No","Yes","No","No","No","No","No","No","No","No","No","No","No","No","Female","60+","White, non-Hispanic","HS graduate or equivalent","$30,000 to under $60,000","Metro Area"
229,0.458027607,"Yes","No","Yes","Yes","No","No","Yes","Yes","Yes","Yes","No","Yes","No","No","Yes","No","Female","60+","White, non-Hispanic","Bachelor's degree","$60,000 to under $100,000","Metro Area"
230,1.5888850039,"Yes","No","Yes","Yes","No","Yes","Yes","Yes","Yes","Yes","Yes","No","Yes","Yes","Yes","No","Male","45-59","White, non-Hispanic","Bachelor's degree","Less than $30,000","Metro Area"
231,1.2524527188,"Yes","No","Yes","Yes","No","Yes","Yes","No","No","No","Yes","No","No","Yes","Yes","No","Female","45-59","White, non-Hispanic","Bachelor's degree","$60,000 to under $100,000","Metro Area"
232,0.2382121905,"Yes","Yes","Yes","Yes","No","Yes","Yes","Yes","No","Yes","Yes","Yes","Yes","Yes","Yes","Yes","Female","45-59","White, non-Hispanic","Some college/ associates degree","$100,000 or more","Metro Area"
233,0.8429369124,"Yes","Yes","Yes","Yes","No","Yes","Yes","Yes","No","Yes","Yes","No","Yes","Yes","Yes","Yes","Male","45-59","White, non-Hispanic","Post grad study/professional degree","$100,000 or more","Metro Area"
234,1.0040964267,"Yes","Yes","Yes","Yes","No","No","Yes","Yes","Yes","Yes","Yes","Yes","Yes","Yes","Yes","Yes","Female","45-59","White, non-Hispanic","Some college/ associates degree","Less than $30,000","Metro Area"
235,1.8646360781,"Yes","Yes","Yes","Yes","No","No","No","Yes","Yes","No","No","No","No","Yes","Yes","Yes","Male","30-44","White, non-Hispanic","Less than HS","$30,000 to under $60,000","Metro Area"
236,0.9892106987,"Yes","No","Yes","Yes","No","Yes","No","No","Yes","Yes","No","Yes","Yes","No","Yes","No","Male","30-44","White, non-Hispanic","HS graduate or equivalent","$30,000 to under $60,000","Metro Area"
237,0.3680153392,"Yes","No","Yes","Yes","No","No","No","Unsure","No","Yes","Yes","No","No","Unsure","Yes","Yes","Female","60+","White, non-Hispanic","Some college/ associates degree","$30,000 to under $60,000","Non-Metro Area"
238,0.4336103923,"Yes","Yes","Yes","Yes","No","Yes","Yes","Yes","Yes","Yes","No","No","Yes","No","Yes","Yes","Female","30-44","White, non-Hispanic","HS graduate or equivalent","$60,000 to under $100,000","Non-Metro Area"
239,0.6121516824,"Yes","No","Unsure","Yes","No","No","No","No","Yes","No","Unsure","Unsure","Unsure","Unsure","Yes","Yes","Female","60+","White, non-Hispanic","Some college/ associates degree","$30,000 to under $60,000","Metro Area"
240,0.3998989754,"Yes","Yes","Yes","Yes","Yes","Yes","Yes","Yes","Yes","Yes","Yes","Yes","Yes","Yes","Yes","Yes","Male","45-59","White, non-Hispanic","Post grad study/professional degree","$60,000 to under $100,000","Non-Metro Area"
241,2.4061662852,"Yes","No","Yes","Yes","No","Yes","Yes","Yes","No","Yes","Yes","No","No","No","Yes","No","Male","30-44","White, non-Hispanic","HS graduate or equivalent","$100,000 or more","Metro Area"
242,0.684369937,"Yes","Yes","Yes","Yes","Yes","Yes","Yes","Yes","Yes","Yes","Yes","Yes","Yes","Yes","Yes","Yes","Male","60+","White, non-Hispanic","Some college/ associates degree","$60,000 to under $100,000","Non-Metro Area"
243,1.0638505763,"Yes","Yes","Yes","Yes","Yes","Yes","Yes","Yes","SKIPPED ON WEB","Yes","Unsure","Unsure","Unsure","Unsure","Yes","No","Female","60+","White, non-Hispanic","Post grad study/professional degree","$60,000 to under $100,000","Metro Area"
244,3.6293314848,"Unsure","Unsure","Unsure","Unsure","Unsure","Unsure","Unsure","Unsure","Yes","Yes","Yes","Yes","Unsure","Unsure","Unsure","Unsure","Male","45-59","White, non-Hispanic","HS graduate or equivalent","$60,000 to under $100,000","Metro Area"
245,1.3675171121,"Yes","Yes","Yes","Yes","Yes","Yes","Yes","Yes","Yes","Yes","Yes","Yes","Yes","Yes","Yes","Yes","Male","45-59","White, non-Hispanic","Bachelor's degree","$60,000 to under $100,000","Metro Area"
246,1.458795588,"Yes","Yes","Yes","Yes","Yes","Yes","Yes","Yes","Yes","Yes","Yes","Yes","Yes","Yes","Yes","Yes","Male","30-44","Asian-Pacific Islander, non-Hispanic","Post grad study/professional degree","$60,000 to under $100,000","Metro Area"
247,0.7026169391,"Yes","No","Yes","Yes","No","No","No","No","No","No","No","No","No","Yes","Yes","No","Female","60+","White, non-Hispanic","HS graduate or equivalent","$30,000 to under $60,000","Non-Metro Area"
248,0.875667998,"Yes","Yes","Yes","Yes","Yes","No","No","No","Yes","No","No","No","No","Yes","Yes","Yes","Male","60+","White, non-Hispanic","Bachelor's degree","$60,000 to under $100,000","Metro Area"
249,0.5020139606,"Yes","No","Yes","Yes","No","No","No","No","Yes","No","No","No","No","No","Yes","No","Female","60+","White, non-Hispanic","Some college/ associates degree","Less than $30,000","Non-Metro Area"
250,1.3998748504,"No","Yes","Yes","No","No","No","No","Yes","No","Yes","No","Yes","No","No","No","No","Female","45-59","White, non-Hispanic","Bachelor's degree","$100,000 or more","Metro Area"
251,1.8129008089,"Yes","Yes","Yes","Yes","Unsure","No","Yes","Yes","Unsure","Yes","No","No","Yes","Unsure","Yes","Yes","Male","60+","White, non-Hispanic","Post grad study/professional degree","$100,000 or more","Metro Area"
252,0.3511333469,"Yes","Yes","Yes","Yes","Yes","Yes","Yes","Yes","Yes","Yes","Yes","Yes","Yes","Yes","Yes","Yes","Female","30-44","White, non-Hispanic","Post grad study/professional degree","$100,000 or more","Metro Area"
253,1.284559303,"Yes","Yes","Yes","Yes","No","No","Yes","Yes","Yes","Yes","No","No","No","No","Yes","Yes","Female","18-29","White, non-Hispanic","HS graduate or equivalent","Less than $30,000","Metro Area"
254,0.2709671432,"Yes","No","Yes","Yes","No","Yes","Yes","No","Yes","Yes","No","No","Yes","No","Yes","No","Female","30-44","White, non-Hispanic","Less than HS","Less than $30,000","Metro Area"
255,1.1253349162,"Yes","Yes","Yes","Yes","Yes","Unsure","Yes","Yes","Yes","Yes","Yes","Unsure","Yes","Unsure","Yes","Yes","Female","30-44","White, non-Hispanic","Bachelor's degree","$100,000 or more","Metro Area"
256,2.5509177744,"Yes","No","Yes","Yes","No","No","Yes","Yes","No","No","No","No","No","No","Yes","No","Female","30-44","Asian-Pacific Islander, non-Hispanic","HS graduate or equivalent","$30,000 to under $60,000","Metro Area"
257,0.3229503634,"Yes","Yes","Yes","Yes","Yes","Yes","Yes","Yes","Yes","Yes","Yes","Yes","Yes","Yes","Yes","Yes","Male","30-44","White, non-Hispanic","Some college/ associates degree","$30,000 to under $60,000","Non-Metro Area"
258,0.7321426985,"Yes","No","Yes","Yes","No","Yes","Yes","No","Yes","No","No","No","No","No","Yes","Yes","Female","30-44","White, non-Hispanic","Some college/ associates degree","$100,000 or more","Metro Area"
259,0.4425118615,"Yes","Yes","Yes","Yes","Yes","Yes","Yes","Yes","Unsure","Unsure","Unsure","Unsure","Unsure","Unsure","Yes","Unsure","Male","60+","White, non-Hispanic","Some college/ associates degree","$60,000 to under $100,000","Metro Area"
260,0.4890984004,"Yes","Yes","Yes","Yes","Yes","Yes","Yes","Yes","Yes","Yes","Yes","Yes","Yes","Yes","Yes","Yes","Male","45-59","White, non-Hispanic","Post grad study/professional degree","$100,000 or more","Metro Area"
261,1.8864198395,"Yes","Yes","Yes","Yes","No","No","Yes","Yes","No","Yes","Yes","No","No","Yes","Yes","Yes","Male","60+","White, non-Hispanic","Post grad study/professional degree","$60,000 to under $100,000","Metro Area"
262,2.0139783305,"Yes","Yes","Yes","Yes","No","Yes","Yes","No","Yes","No","No","No","No","No","Yes","No","Female","30-44","White, non-Hispanic","HS graduate or equivalent","$30,000 to under $60,000","Metro Area"
263,0.354671248,"Yes","No","Yes","Yes","No","No","No","Yes","No","No","No","No","No","No","Yes","Yes","Male","45-59","2+, non-Hispanic","Post grad study/professional degree","$100,000 or more","Non-Metro Area"
264,4.9554561135,"Yes","Yes","Yes","Yes","No","Yes","Yes","Yes","Unsure","Yes","Unsure","Unsure","Yes","Yes","Yes","Unsure","Male","30-44","White, non-Hispanic","HS graduate or equivalent","$60,000 to under $100,000","Metro Area"
265,0.4377758177,"Yes","Yes","Yes","Yes","No","No","Yes","No","No","No","No","No","No","No","Yes","No","Female","30-44","White, non-Hispanic","Post grad study/professional degree","$30,000 to under $60,000","Metro Area"
266,0.7991495584,"Yes","Yes","Yes","Yes","Yes","Yes","Yes","Yes","No","Yes","Yes","Yes","Yes","Yes","Yes","Yes","Male","30-44","White, non-Hispanic","Bachelor's degree","Less than $30,000","Metro Area"
267,0.6003564478,"Yes","Yes","Yes","Yes","No","Unsure","Yes","Yes","Yes","Yes","Unsure","Unsure","Yes","No","Yes","Yes","Female","60+","White, non-Hispanic","Bachelor's degree","$30,000 to under $60,000","Metro Area"
268,1.5381454445,"Yes","No","Yes","Yes","No","Yes","Yes","Yes","No","No","No","No","Yes","No","Yes","No","Female","45-59","White, non-Hispanic","HS graduate or equivalent","$60,000 to under $100,000","Non-Metro Area"
269,0.7109971524,"Yes","No","Yes","Yes","Yes","Yes","Yes","Yes","Yes","Yes","Yes","Yes","Yes","Yes","Yes","Yes","Male","45-59","White, non-Hispanic","Some college/ associates degree","$100,000 or more","Metro Area"
270,1.1472880272,"Yes","No","No","Yes","No","No","Yes","No","Yes","Yes","No","No","Yes","Yes","Yes","No","Female","60+","White, non-Hispanic","HS graduate or equivalent","$60,000 to under $100,000","Metro Area"
271,1.3113030628,"Yes","Yes","Yes","Yes","Yes","Yes","Yes","Yes","Yes","Yes","Yes","Yes","Yes","Yes","Yes","Yes","Male","30-44","Asian-Pacific Islander, non-Hispanic","Post grad study/professional degree","$100,000 or more","Metro Area"
272,1.4925181425,"Yes","Yes","Yes","Yes","Yes","Yes","Yes","Yes","Yes","Yes","Yes","Yes","Yes","Yes","Yes","Yes","Female","30-44","White, non-Hispanic","Some college/ associates degree","$100,000 or more","Metro Area"
273,0.7092712745,"Yes","Yes","Yes","Yes","No","Yes","Yes","Yes","Yes","Yes","No","No","Yes","Yes","Yes","Yes","Female","60+","White, non-Hispanic","Some college/ associates degree","Less than $30,000","Metro Area"
274,1.1325422947,"Yes","Unsure","Yes","Yes","No","No","Yes","Yes","Unsure","Yes","No","No","Unsure","No","Yes","No","Male","30-44","White, non-Hispanic","Bachelor's degree","$60,000 to under $100,000","Metro Area"
275,0.3598201144,"Yes","No","Yes","Yes","No","Unsure","Unsure","Unsure","No","No","No","No","Unsure","Unsure","Unsure","Unsure","Male","60+","White, non-Hispanic","Some college/ associates degree","$60,000 to under $100,000","Metro Area"
276,0.7588128548,"Yes","Yes","Yes","Yes","Unsure","Unsure","Yes","Yes","Unsure","Yes","Unsure","Yes","Unsure","Unsure","Yes","Yes","Female","30-44","White, non-Hispanic","Post grad study/professional degree","$60,000 to under $100,000","Metro Area"
277,0.3864999592,"Yes","Unsure","Yes","Yes","Yes","No","Yes","No","No","Yes","Yes","No","Yes","Yes","Yes","Yes","Female","60+","White, non-Hispanic","Some college/ associates degree","$100,000 or more","Non-Metro Area"
278,0.7331582573,"Yes","Yes","Yes","Yes","No","Yes","Yes","Yes","Yes","Yes","Yes","Yes","Yes","Yes","Yes","Yes","Male","45-59","White, non-Hispanic","HS graduate or equivalent","Less than $30,000","Metro Area"
279,1.1448936687,"Yes","No","Yes","Yes","No","Yes","Yes","No","Yes","No","No","No","No","No","Yes","No","Female","45-59","White, non-Hispanic","Some college/ associates degree","$30,000 to under $60,000","Metro Area"
280,0.3451365303,"Yes","Yes","Yes","Yes","Unsure","Yes","Yes","Yes","No","Yes","Unsure","Yes","SKIPPED ON WEB","SKIPPED ON WEB","SKIPPED ON WEB","SKIPPED ON WEB","Male","30-44","White, non-Hispanic","Some college/ associates degree","$60,000 to under $100,000","Metro Area"
281,0.7651836904,"Yes","Yes","Yes","Yes","No","No","No","No","No","No","No","No","Yes","No","Yes","Unsure","Female","60+","White, non-Hispanic","Bachelor's degree","$100,000 or more","Metro Area"
282,0.5227948893,"Yes","No","Yes","Yes","No","No","Yes","No","Yes","No","No","No","No","No","Yes","No","Female","60+","White, non-Hispanic","Some college/ associates degree","$30,000 to under $60,000","Metro Area"
283,1.4031610968,"Yes","Yes","Yes","Yes","Yes","Yes","Yes","Yes","Yes","Unsure","Yes","Unsure","Yes","Yes","Yes","Yes","Male","60+","White, non-Hispanic","Post grad study/professional degree","$60,000 to under $100,000","Metro Area"
284,0.7183197691,"Yes","No","No","Yes","No","No","Yes","No","No","No","No","No","No","No","Yes","No","Male","60+","White, non-Hispanic","Some college/ associates degree","Less than $30,000","Metro Area"
285,2.4402491851,"Yes","Yes","Yes","Yes","No","No","No","No","No","No","Yes","Yes","No","No","Yes","Yes","Female","60+","White, non-Hispanic","Bachelor's degree","$100,000 or more","Metro Area"
286,0.2469561118,"Yes","Yes","Yes","Yes","Yes","Yes","Yes","Yes","Yes","Yes","Yes","SKIPPED ON WEB","Yes","No","Yes","Yes","Female","30-44","Asian-Pacific Islander, non-Hispanic","Post grad study/professional degree","$100,000 or more","Metro Area"
287,0.5667825534,"Yes","No","Yes","Yes","No","No","Yes","No","No","No","No","No","No","No","Yes","No","Female","60+","White, non-Hispanic","Some college/ associates degree","$60,000 to under $100,000","Metro Area"
288,0.7654858547,"Yes","No","Yes","Yes","No","No","No","No","Yes","No","No","No","No","No","Yes","No","Female","60+","White, non-Hispanic","HS graduate or equivalent","$30,000 to under $60,000","Metro Area"
289,0.7548491915,"Yes","Yes","Yes","Yes","Yes","Yes","Yes","Yes","Yes","Yes","No","No","Yes","Yes","Yes","Yes","Male","60+","White, non-Hispanic","Some college/ associates degree","$100,000 or more","Non-Metro Area"
290,0.6451894931,"Yes","Yes","Yes","Yes","Yes","Unsure","Yes","Yes","Yes","Unsure","Unsure","Unsure","Yes","No","Unsure","Unsure","Male","30-44","White, non-Hispanic","Some college/ associates degree","Less than $30,000","Metro Area"
291,0.7078436192,"Yes","Yes","Yes","Yes","No","Yes","Yes","Yes","Yes","Yes","No","No","No","No","Yes","No","Male","60+","White, non-Hispanic","Some college/ associates degree","$30,000 to under $60,000","Metro Area"
292,0.8812507288,"Yes","Yes","Yes","Yes","Yes","Yes","Yes","Yes","Yes","Yes","Yes","Yes","Yes","Yes","Yes","Yes","Male","30-44","White, non-Hispanic","Some college/ associates degree","$100,000 or more","Metro Area"
293,1.3632209797,"Yes","Yes","Yes","Yes","Yes","Yes","Yes","Yes","No","SKIPPED ON WEB","Yes","No","No","Yes","Yes","Yes","Female","60+","White, non-Hispanic","Post grad study/professional degree","$30,000 to under $60,000","Metro Area"
294,0.9189776531,"Yes","Yes","Yes","Yes","No","Unsure","Yes","Yes","Yes","Yes","Yes","Yes","Yes","Unsure","Yes","Unsure","Male","30-44","White, non-Hispanic","Post grad study/professional degree","$30,000 to under $60,000","Metro Area"
295,0.9058698338,"Yes","Yes","Yes","Yes","No","No","No","Yes","No","Yes","No","No","No","Yes","Yes","Yes","Male","60+","White, non-Hispanic","Bachelor's degree","$30,000 to under $60,000","Non-Metro Area"
296,0.6503345874,"Yes","Yes","Yes","Yes","Yes","Yes","Yes","Yes","No","No","No","No","Unsure","Unsure","Unsure","Unsure","Male","60+","White, non-Hispanic","Post grad study/professional degree","Less than $30,000","Non-Metro Area"
297,1.0272680843,"Yes","Yes","Yes","Yes","No","Yes","Yes","Yes","Yes","Yes","Unsure","Unsure","Yes","Unsure","Yes","Yes","Female","45-59","White, non-Hispanic","Bachelor's degree","$60,000 to under $100,000","Non-Metro Area"
298,0.6989507688,"Yes","Yes","Yes","Yes","Yes","Yes","Yes","Yes","Yes","Yes","Yes","Unsure","Yes","Yes","Yes","Yes","Female","60+","White, non-Hispanic","Post grad study/professional degree","$100,000 or more","Metro Area"
299,3.6419070039,"Yes","Yes","Yes","Yes","No","No","Yes","Yes","Yes","Yes","No","No","SKIPPED ON WEB","SKIPPED ON WEB","SKIPPED ON WEB","SKIPPED ON WEB","Female","45-59","White, non-Hispanic","HS graduate or equivalent","$30,000 to under $60,000","Metro Area"
300,1.6617412982,"Yes","Unsure","Yes","Yes","No","Unsure","No","Yes","Yes","Unsure","No","No","Yes","Yes","Yes","Unsure","Female","60+","White, non-Hispanic","Some college/ associates degree","$60,000 to under $100,000","Metro Area"
301,0.1078773505,"Yes","Yes","Yes","Yes","No","No","Yes","Yes","No","Yes","Yes","No","No","No","Yes","Yes","Female","30-44","White, non-Hispanic","Bachelor's degree","$60,000 to under $100,000","Metro Area"
302,1.3795245995,"Yes","No","Unsure","Yes","No","No","Unsure","No","No","No","Unsure","No","No","Unsure","Unsure","No","Female","60+","White, non-Hispanic","HS graduate or equivalent","$30,000 to under $60,000","Non-Metro Area"
303,0.7115410263,"Yes","Yes","Yes","Yes","No","No","Yes","Yes","Yes","Yes","Yes","Yes","Yes","Yes","Yes","Yes","Female","45-59","White, non-Hispanic","Post grad study/professional degree","$100,000 or more","Metro Area"
304,1.5985217765,"Yes","Yes","Yes","Yes","Yes","Yes","Yes","Yes","Yes","Yes","No","No","Yes","Yes","Yes","Yes","Male","30-44","White, non-Hispanic","Bachelor's degree","$60,000 to under $100,000","Metro Area"
305,1.9916566866,"Yes","Unsure","Yes","Yes","Unsure","Unsure","Yes","Yes","Unsure","Yes","Unsure","Unsure","Unsure","Unsure","Yes","Unsure","Female","30-44","Asian-Pacific Islander, non-Hispanic","Bachelor's degree","$100,000 or more","Metro Area"
306,1.8975010612,"Yes","Yes","Yes","Yes","Yes","Yes","Yes","Yes","No","Yes","Yes","Yes","Yes","No","Yes","Yes","Male","45-59","White, non-Hispanic","Bachelor's degree","$100,000 or more","Metro Area"
307,0.1694762337,"Yes","Yes","Yes","Yes","No","Yes","Yes","Yes","No","Yes","Yes","Yes","Yes","No","Yes","Yes","Male","18-29","White, non-Hispanic","Bachelor's degree","$100,000 or more","Metro Area"
308,0.5022469644,"Yes","Yes","Yes","Yes","Yes","Yes","Yes","Yes","Yes","Yes","Yes","Yes","Yes","Yes","Yes","Yes","Male","30-44","White, non-Hispanic","Bachelor's degree","$30,000 to under $60,000","Metro Area"
309,0.1889062875,"Yes","Yes","Yes","Yes","No","Unsure","Yes","Yes","No","Yes","Yes","No","Unsure","Unsure","Yes","Yes","Male","30-44","White, non-Hispanic","Some college/ associates degree","$60,000 to under $100,000","Metro Area"
310,0.5613861288,"Yes","No","No","Yes","No","No","No","No","No","No","No","No","No","No","No","No","Male","60+","White, non-Hispanic","Bachelor's degree","$100,000 or more","Metro Area"
311,1.0334589003,"Yes","Yes","Yes","Yes","No","Unsure","Unsure","Yes","No","Unsure","Unsure","Unsure","Yes","No","Yes","Yes","Female","30-44","White, non-Hispanic","Bachelor's degree","$30,000 to under $60,000","Metro Area"
312,0.2816460699,"Yes","Yes","Yes","Yes","Yes","Yes","Yes","Yes","No","Yes","Yes","No","Yes","Yes","Yes","Yes","Female","60+","White, non-Hispanic","Bachelor's degree","$100,000 or more","Metro Area"
313,0.8101704105,"Yes","Yes","Yes","Yes","Unsure","No","Yes","Unsure","Yes","Yes","Yes","Unsure","No","No","Yes","Yes","Female","30-44","White, non-Hispanic","Some college/ associates degree","$30,000 to under $60,000","Metro Area"
314,0.3615343988,"Yes","Unsure","Yes","Yes","No","Yes","Yes","Yes","Yes","Yes","Yes","No","No","No","Yes","No","Male","30-44","White, non-Hispanic","Some college/ associates degree","$60,000 to under $100,000","Metro Area"
315,0.4995593659,"Yes","Yes","Yes","Yes","No","Yes","Yes","Yes","No","No","No","No","Yes","Yes","Yes","Yes","Male","45-59","Other, non-Hispanic","Some college/ associates degree","$60,000 to under $100,000","Metro Area"
316,1.0149581606,"Yes","Yes","Yes","Yes","Unsure","Yes","Yes","Yes","Yes","Yes","Yes","SKIPPED ON WEB","SKIPPED ON WEB","SKIPPED ON WEB","SKIPPED ON WEB","SKIPPED ON WEB","Male","60+","White, non-Hispanic","Bachelor's degree","$30,000 to under $60,000","Metro Area"
317,0.8994017708,"Yes","Yes","Yes","Yes","Yes","Yes","Yes","Yes","Yes","Yes","Yes","Yes","Yes","Yes","Yes","Yes","Male","60+","White, non-Hispanic","Post grad study/professional degree","$60,000 to under $100,000","Metro Area"
318,0.7352412226,"Yes","Yes","Yes","Yes","Unsure","Yes","Yes","Yes","No","Yes","No","No","No","Yes","Yes","Yes","Female","45-59","White, non-Hispanic","Some college/ associates degree","$100,000 or more","Metro Area"
319,0.2808117596,"Yes","No","Yes","Yes","No","Yes","Yes","Yes","No","No","No","No","Yes","No","No","No","Female","60+","White, non-Hispanic","Some college/ associates degree","$60,000 to under $100,000","Non-Metro Area"
320,1.1600772215,"Yes","Yes","Yes","Yes","No","Yes","Yes","Yes","Yes","Yes","Yes","Yes","Yes","Yes","Yes","Yes","Male","30-44","White, non-Hispanic","HS graduate or equivalent","$30,000 to under $60,000","Metro Area"
321,0.6955664435,"Yes","Yes","Yes","Yes","Yes","Yes","Yes","Yes","Yes","Yes","Yes","Yes","Yes","Yes","Yes","Yes","Male","30-44","White, non-Hispanic","Bachelor's degree","$100,000 or more","Metro Area"
322,0.4485643745,"Yes","Unsure","Yes","Yes","No","No","Yes","No","Yes","Yes","Yes","Yes","No","No","Yes","No","Male","30-44","White, non-Hispanic","Post grad study/professional degree","$30,000 to under $60,000","Metro Area"
323,0.2786118822,"Yes","Yes","Yes","Yes","No","No","Yes","Yes","Yes","Yes","Yes","Yes","Yes","Yes","Yes","Unsure","Male","60+","White, non-Hispanic","Some college/ associates degree","$100,000 or more","Non-Metro Area"
324,0.4544479738,"Yes","Yes","Yes","Yes","No","No","Yes","No","Yes","Yes","Unsure","No","Unsure","Yes","Yes","Yes","Female","45-59","White, non-Hispanic","Less than HS","$30,000 to under $60,000","Metro Area"
325,0.4377802475,"Yes","Unsure","Yes","Yes","Yes","Yes","Yes","Yes","Yes","Yes","Yes","Yes","Unsure","Unsure","Yes","Yes","Male","60+","White, non-Hispanic","Some college/ associates degree","Less than $30,000","Non-Metro Area"
326,0.7301954601,"Yes","Yes","Yes","Yes","Yes","Yes","Yes","Yes","Yes","Yes","Yes","Yes","Yes","Yes","Yes","Yes","Male","30-44","Other, non-Hispanic","Post grad study/professional degree","$100,000 or more","Metro Area"
327,0.6286864495,"Yes","Yes","Yes","Yes","Unsure","Unsure","Yes","Yes","Unsure","Yes","Unsure","Unsure","Yes","Unsure","Yes","Yes","Female","30-44","White, non-Hispanic","Bachelor's degree","$30,000 to under $60,000","Metro Area"
328,0.5854285594,"Yes","Yes","Yes","Yes","Unsure","Yes","Yes","Yes","Unsure","Yes","Yes","Unsure","Yes","No","Yes","Yes","Male","60+","White, non-Hispanic","Some college/ associates degree","$30,000 to under $60,000","Metro Area"
329,0.7878615035,"Yes","No","Yes","Yes","No","Yes","Yes","No","Yes","No","No","No","No","No","Yes","No","Male","45-59","White, non-Hispanic","Some college/ associates degree","$60,000 to under $100,000","Metro Area"
330,0.9644656701,"Yes","No","Yes","Yes","No","Yes","Yes","Yes","Yes","Yes","No","No","Yes","No","Yes","No","Female","60+","White, non-Hispanic","Some college/ associates degree","$60,000 to under $100,000","Non-Metro Area"
331,0.4085425933,"Yes","No","Yes","Yes","No","Yes","No","Yes","No","Yes","No","No","No","No","Yes","No","Male","60+","White, non-Hispanic","Some college/ associates degree","$60,000 to under $100,000","Metro Area"
332,0.4528108214,"Yes","Yes","Yes","Yes","No","Yes","Yes","Yes","No","Yes","No","No","No","No","Yes","Yes","Male","45-59","White, non-Hispanic","Post grad study/professional degree","$100,000 or more","Metro Area"
333,0.3247502198,"Yes","Yes","Yes","Yes","Yes","Yes","Yes","Unsure","Yes","Yes","Yes","Yes","Yes","Unsure","Yes","Yes","Male","45-59","White, non-Hispanic","Some college/ associates degree","$60,000 to under $100,000","Metro Area"
334,0.2290704259,"Yes","Yes","Yes","Yes","Yes","Yes","No","Yes","No","Yes","No","No","Yes","No","Yes","Yes","Female","30-44","White, non-Hispanic","Bachelor's degree","$30,000 to under $60,000","Metro Area"
335,1.2431542656,"Yes","Yes","Yes","Yes","No","Yes","No","Yes","Yes","Yes","No","No","No","No","SKIPPED ON WEB","No","Male","60+","White, non-Hispanic","HS graduate or equivalent","$30,000 to under $60,000","Metro Area"
336,1.2894676402,"Yes","Unsure","Yes","Yes","No","Yes","Unsure","No","No","No","Unsure","No","No","Unsure","Yes","Unsure","Male","60+","White, non-Hispanic","Some college/ associates degree","$30,000 to under $60,000","Metro Area"
337,5.2039359984,"No","Yes","Unsure","No","No","No","Unsure","No","Yes","No","No","No","No","Unsure","Unsure","No","Male","60+","White, non-Hispanic","Less than HS","Less than $30,000","Metro Area"
338,0.1785699873,"Yes","Yes","Yes","Yes","No","No","Yes","No","Yes","No","No","No","Yes","No","Yes","No","Male","60+","White, non-Hispanic","Some college/ associates degree","Less than $30,000","Non-Metro Area"
339,0.7883898718,"Yes","Yes","Yes","Yes","Yes","Yes","Yes","Yes","Yes","Yes","Yes","Yes","Yes","Yes","Yes","Yes","Female","60+","White, non-Hispanic","Some college/ associates degree","$100,000 or more","Metro Area"
340,0.8069285911,"Yes","Yes","Yes","Yes","Yes","Yes","Yes","Yes","Yes","Yes","Unsure","Unsure","Yes","Unsure","Yes","Yes","Female","45-59","White, non-Hispanic","Bachelor's degree","$30,000 to under $60,000","Metro Area"
341,1.2079462201,"Yes","No","Yes","Yes","No","No","Yes","Yes","No","Yes","Yes","No","No","No","Yes","No","Female","60+","White, non-Hispanic","HS graduate or equivalent","$30,000 to under $60,000","Metro Area"
342,0.3183050362,"Yes","Yes","Yes","Yes","No","No","Yes","Yes","No","Yes","No","No","No","No","Yes","Yes","Female","45-59","White, non-Hispanic","Post grad study/professional degree","$100,000 or more","Metro Area"
343,0.8881693991,"Yes","No","Yes","Yes","No","Yes","Yes","Yes","Yes","Yes","No","No","No","Yes","Yes","No","Male","60+","White, non-Hispanic","Some college/ associates degree","$60,000 to under $100,000","Metro Area"
344,0.5115219154,"Yes","Yes","Yes","Yes","No","No","Yes","Yes","No","No","No","No","Yes","No","Yes","Yes","Female","30-44","White, non-Hispanic","HS graduate or equivalent","$30,000 to under $60,000","Non-Metro Area"
345,1.0321284139,"Yes","No","Yes","Yes","No","No","Unsure","Unsure","Unsure","Unsure","Unsure","No","Yes","Unsure","Yes","Unsure","Female","60+","White, non-Hispanic","Bachelor's degree","$30,000 to under $60,000","Metro Area"
346,0.5202332087,"Yes","Yes","Yes","Yes","Yes","Yes","Yes","Yes","Unsure","Yes","Yes","Unsure","Yes","No","Yes","Yes","Female","30-44","White, non-Hispanic","Bachelor's degree","$60,000 to under $100,000","Metro Area"
347,1.6103486927,"Yes","Yes","Yes","Yes","Yes","Yes","Yes","Yes","Yes","Yes","Yes","Yes","No","Yes","Yes","Yes","Male","60+","White, non-Hispanic","Bachelor's degree","$60,000 to under $100,000","Metro Area"
348,0.8507681823,"Yes","No","No","Yes","No","Yes","No","No","Yes","No","No","No","No","No","No","No","Female","60+","White, non-Hispanic","HS graduate or equivalent","$30,000 to under $60,000","Metro Area"
349,0.8654040991,"Yes","Yes","Yes","Yes","Yes","Yes","Yes","Yes","No","Yes","Yes","Yes","No","No","Yes","Yes","Female","30-44","White, non-Hispanic","Bachelor's degree","$100,000 or more","Metro Area"
350,0.4515198383,"Yes","Yes","Yes","Yes","No","Yes","Yes","Yes","No","Yes","No","No","No","Yes","Yes","Yes","Female","45-59","White, non-Hispanic","Some college/ associates degree","$60,000 to under $100,000","Non-Metro Area"
351,0.4375873521,"Yes","Yes","Yes","Yes","Yes","Yes","Yes","Yes","Yes","Yes","Yes","Yes","Yes","Yes","Yes","Yes","Male","45-59","White, non-Hispanic","Some college/ associates degree","$60,000 to under $100,000","Metro Area"
352,2.3566251179,"Yes","No","Yes","Yes","No","Yes","Yes","Yes","Unsure","No","Yes","No","Yes","Yes","Yes","No","Female","60+","White, non-Hispanic","HS graduate or equivalent","Less than $30,000","Metro Area"
353,0.7588933281,"Yes","Yes","Yes","Yes","No","Yes","Yes","Yes","No","Yes","Unsure","Unsure","Yes","No","Yes","Yes","Male","30-44","White, non-Hispanic","HS graduate or equivalent","$100,000 or more","Metro Area"
354,5.4907062447,"No","No","Yes","Yes","No","No","No","Yes","No","No","No","No","No","No","Yes","No","Female","60+","White, non-Hispanic","Bachelor's degree","Less than $30,000","Metro Area"
355,2.0820615881,"No","No","No","No","No","Unsure","No","No","No","No","No","No","No","No","No","No","Female","30-44","White, non-Hispanic","Less than HS","Less than $30,000","Metro Area"
356,0.4057600086,"Yes","Yes","Yes","Yes","Yes","Yes","Yes","Yes","Yes","Yes","Yes","Yes","Yes","Yes","Yes","Yes","Male","30-44","Asian-Pacific Islander, non-Hispanic","Post grad study/professional degree","$100,000 or more","Metro Area"
357,0.4744679605,"Yes","Yes","Yes","Yes","No","Yes","No","Yes","Yes","Yes","Yes","Yes","No","No","Yes","Yes","Male","60+","White, non-Hispanic","Some college/ associates degree","$30,000 to under $60,000","Metro Area"
358,0.3416591948,"Yes","Yes","Yes","Yes","Yes","Yes","Yes","Yes","Unsure","Yes","Unsure","No","Yes","No","Yes","Yes","Female","30-44","White, non-Hispanic","Bachelor's degree","$30,000 to under $60,000","Metro Area"
359,2.5282023494,"Yes","Yes","Yes","Yes","Yes","Yes","Yes","Yes","No","No","Yes","No","No","No","Yes","No","Female","45-59","Asian-Pacific Islander, non-Hispanic","Post grad study/professional degree","$100,000 or more","Metro Area"
360,0.3561419906,"Yes","Yes","Yes","Yes","No","Yes","Yes","Yes","Yes","Yes","Yes","Yes","Yes","Yes","Yes","Yes","Male","30-44","White, non-Hispanic","Bachelor's degree","$60,000 to under $100,000","Non-Metro Area"
361,0.7904706233,"Yes","No","Yes","Yes","No","No","Yes","Yes","No","No","No","No","No","No","Yes","No","Female","60+","White, non-Hispanic","Some college/ associates degree","$100,000 or more","Metro Area"
362,0.8930835631,"Yes","Yes","Yes","Yes","No","Yes","Yes","Yes","No","Yes","No","No","Yes","No","Yes","Yes","Female","30-44","White, non-Hispanic","HS graduate or equivalent","$30,000 to under $60,000","Non-Metro Area"
363,1.1217582769,"Yes","Yes","Yes","Yes","Yes","Yes","Yes","Yes","No","Yes","Yes","No","SKIPPED ON WEB","SKIPPED ON WEB","SKIPPED ON WEB","SKIPPED ON WEB","Male","30-44","White, non-Hispanic","Bachelor's degree","$60,000 to under $100,000","Metro Area"
364,1.1314829046,"Yes","Unsure","Yes","Yes","No","Unsure","No","Yes","Yes","No","Yes","No","Unsure","Yes","Yes","No","Male","45-59","White, non-Hispanic","Bachelor's degree","$100,000 or more","Metro Area"
365,2.2685539171,"Yes","Yes","Yes","Yes","Yes","Yes","Yes","Yes","Yes","Yes","Yes","Yes","Yes","Yes","Yes","Yes","Female","45-59","White, non-Hispanic","Post grad study/professional degree","$30,000 to under $60,000","Metro Area"
366,1.0558446628,"Yes","Yes","Yes","Yes","Unsure","Yes","Yes","Yes","Yes","Yes","Yes","Unsure","Unsure","Unsure","Yes","Yes","Female","60+","White, non-Hispanic","HS graduate or equivalent","$60,000 to under $100,000","Metro Area"
367,0.8638960485,"Yes","Yes","Yes","Yes","Yes","Yes","Yes","Yes","Yes","Yes","Yes","Yes","Yes","Yes","Yes","Unsure","Female","45-59","White, non-Hispanic","Post grad study/professional degree","$100,000 or more","Metro Area"
368,1.078836883,"Yes","No","Yes","Yes","No","Unsure","Yes","No","No","No","No","No","No","No","Yes","No","Female","45-59","White, non-Hispanic","Some college/ associates degree","$60,000 to under $100,000","Metro Area"
369,0.4444464803,"Yes","Yes","Yes","Yes","No","No","No","No","No","No","No","No","No","No","Yes","Unsure","Female","60+","White, non-Hispanic","Post grad study/professional degree","$30,000 to under $60,000","Metro Area"
370,0.5788140901,"Yes","Yes","Yes","Yes","No","No","Yes","No","Unsure","No","No","No","No","No","Yes","Yes","Female","30-44","Asian-Pacific Islander, non-Hispanic","Some college/ associates degree","$100,000 or more","Metro Area"
371,1.0501817088,"Yes","Yes","Yes","Yes","No","No","No","No","Yes","Yes","No","No","No","No","Yes","No","Male","30-44","White, non-Hispanic","Less than HS","Less than $30,000","Metro Area"
372,1.4514588583,"Yes","Yes","Yes","Yes","Yes","Yes","Yes","Yes","Yes","Yes","Yes","Yes","Yes","Yes","Yes","Yes","Male","45-59","White, non-Hispanic","Bachelor's degree","$100,000 or more","Metro Area"
373,1.1823792475,"Yes","Unsure","Yes","Yes","Unsure","Unsure","Yes","Yes","Unsure","Yes","Yes","Unsure","Yes","Yes","Yes","Unsure","Male","60+","White, non-Hispanic","Post grad study/professional degree","$60,000 to under $100,000","Metro Area"
374,0.9173981561,"Yes","Yes","Yes","Yes","Yes","Yes","Yes","Yes","Yes","Yes","Yes","Yes","Yes","Yes","No","SKIPPED ON WEB","Male","45-59","White, non-Hispanic","Post grad study/professional degree","$100,000 or more","Metro Area"
375,1.3136529101,"Yes","No","Yes","Yes","No","Yes","Yes","Yes","Yes","Yes","Yes","No","No","Yes","Yes","No","Male","60+","White, non-Hispanic","HS graduate or equivalent","$100,000 or more","Metro Area"
376,0.2917057713,"Yes","Yes","Yes","Yes","Yes","Yes","Yes","Yes","No","Yes","No","Unsure","Yes","Yes","Yes","Yes","Female","30-44","White, non-Hispanic","Some college/ associates degree","$60,000 to under $100,000","Metro Area"
377,0.8560396864,"Yes","Yes","Yes","Yes","No","No","No","Yes","No","Yes","No","No","No","Yes","Yes","No","Male","45-59","White, non-Hispanic","Post grad study/professional degree","$100,000 or more","Metro Area"
378,2.4157294364,"Yes","Yes","Yes","Yes","Yes","Yes","Yes","Yes","Yes","Yes","Yes","Unsure","Yes","Yes","Yes","Yes","Male","60+","White, non-Hispanic","Post grad study/professional degree","$100,000 or more","Metro Area"
379,0.1738405272,"Yes","Yes","Yes","Yes","No","Unsure","Yes","Unsure","Unsure","Yes","No","Unsure","No","No","Yes","Yes","Female","30-44","2+, non-Hispanic","Bachelor's degree","$60,000 to under $100,000","Metro Area"
380,0.5176543822,"Yes","Yes","Yes","Yes","Yes","No","Yes","Yes","Yes","Yes","Yes","Yes","No","Yes","Yes","Yes","Female","60+","White, non-Hispanic","Some college/ associates degree","$60,000 to under $100,000","Metro Area"
381,0.1949381464,"Yes","Yes","Yes","Yes","Yes","Unsure","Yes","Yes","Yes","Yes","Yes","Yes","Yes","No","Yes","Yes","Female","30-44","White, non-Hispanic","Bachelor's degree","$30,000 to under $60,000","Metro Area"
382,1.1430491179,"Yes","Yes","Yes","Yes","Yes","Yes","Yes","Yes","No","Yes","Yes","Yes","Yes","Yes","Yes","Yes","Male","45-59","2+, non-Hispanic","Bachelor's degree","$100,000 or more","Metro Area"
383,1.6645743155,"Yes","Yes","Yes","Yes","Yes","Yes","Yes","No","Yes","Yes","Yes","Yes","Yes","No","Yes","Yes","Male","30-44","White, non-Hispanic","Some college/ associates degree","$60,000 to under $100,000","Metro Area"
384,1.4349742823,"Yes","No","Yes","Yes","No","No","Yes","No","No","No","No","No","No","No","Yes","No","Male","30-44","White, non-Hispanic","HS graduate or equivalent","$30,000 to under $60,000","Non-Metro Area"
385,0.7632098072,"Yes","Yes","Yes","Yes","No","No","No","Yes","No","No","Yes","No","No","No","Yes","Yes","Female","30-44","White, non-Hispanic","Bachelor's degree","$100,000 or more","Metro Area"
386,0.9040235203,"Yes","No","Yes","Yes","Yes","No","Yes","Yes","No","No","No","No","No","No","Yes","No","Female","45-59","White, non-Hispanic","Bachelor's degree","$60,000 to under $100,000","Metro Area"
387,0.5057156433,"No","Yes","Yes","Yes","Yes","Yes","Yes","Yes","No","Yes","Yes","Yes","Yes","Yes","Yes","Yes","Female","45-59","White, non-Hispanic","Some college/ associates degree","$60,000 to under $100,000","Non-Metro Area"
388,0.4415155513,"Yes","Yes","Yes","Yes","No","Yes","Yes","Yes","No","Yes","Yes","No","Unsure","Unsure","Yes","Yes","Female","45-59","White, non-Hispanic","Post grad study/professional degree","$60,000 to under $100,000","Metro Area"
389,0.6346807896,"Yes","Yes","Yes","Yes","Unsure","Yes","Yes","Yes","Yes","Yes","Yes","Yes","Yes","Yes","Yes","Yes","Male","45-59","White, non-Hispanic","Post grad study/professional degree","$100,000 or more","Metro Area"
390,1.258564167,"Yes","Yes","Yes","Yes","No","Yes","Yes","No","No","Yes","No","No","No","No","Yes","No","Female","30-44","White, non-Hispanic","HS graduate or equivalent","$30,000 to under $60,000","Metro Area"
391,1.5315767323,"Yes","Yes","Yes","Yes","Unsure","Yes","Unsure","Yes","No","Yes","No","No","Yes","Unsure","Yes","Yes","Female","45-59","White, non-Hispanic","Bachelor's degree","$60,000 to under $100,000","Metro Area"
392,0.909770956,"Yes","Yes","Yes","Yes","No","No","Yes","Yes","Yes","Yes","No","Yes","No","No","Yes","No","Male","45-59","Asian-Pacific Islander, non-Hispanic","Post grad study/professional degree","$60,000 to under $100,000","Metro Area"
393,1.0958995519,"Yes","Yes","Yes","Yes","Yes","Yes","Yes","Yes","Yes","Yes","Yes","Yes","Yes","Yes","Yes","Yes","Male","45-59","Asian-Pacific Islander, non-Hispanic","Post grad study/professional degree","$100,000 or more","Metro Area"
394,1.0814054488,"Yes","Yes","Yes","Yes","No","Yes","Yes","No","No","Yes","Yes","Unsure","Yes","Unsure","Yes","Yes","Male","30-44","White, non-Hispanic","Less than HS","$100,000 or more","Metro Area"
395,0.3334986566,"No","No","Yes","No","No","No","No","No","No","Yes","No","No","No","No","Yes","No","Female","60+","White, non-Hispanic","Some college/ associates degree","$100,000 or more","Metro Area"
396,0.286465421,"Yes","Yes","Yes","Yes","Unsure","Yes","Yes","Unsure","No","No","Unsure","No","Unsure","No","Yes","Yes","Male","60+","White, non-Hispanic","Some college/ associates degree","$30,000 to under $60,000","Metro Area"
397,0.9991699294,"Yes","Yes","Yes","Yes","Unsure","Yes","Yes","Yes","Unsure","Yes","Yes","Unsure","No","No","Yes","Yes","Female","45-59","White, non-Hispanic","Bachelor's degree","$100,000 or more","Metro Area"
398,0.5403261986,"Yes","Yes","Yes","Yes","No","Yes","No","Yes","Yes","Yes","Yes","Yes","Yes","No","No","Yes","Male","30-44","2+, non-Hispanic","Less than HS","$30,000 to under $60,000","Metro Area"
399,2.4304076064,"Yes","Unsure","Yes","Yes","No","Unsure","Yes","Unsure","Yes","No","Unsure","No","Unsure","Yes","Yes","No","Male","30-44","White, non-Hispanic","Less than HS","$100,000 or more","Metro Area"
400,1.5406702329,"Yes","Yes","Yes","Yes","Unsure","Yes","Yes","Yes","Yes","Unsure","Unsure","Unsure","Unsure","Unsure","Yes","Yes","Female","30-44","Asian-Pacific Islander, non-Hispanic","Post grad study/professional degree","$100,000 or more","Metro Area"
401,0.2784601544,"Yes","No","Yes","Yes","No","Yes","Yes","Yes","No","Yes","No","No","No","No","Yes","No","Female","60+","White, non-Hispanic","Some college/ associates degree","$60,000 to under $100,000","Metro Area"
402,0.1602785352,"Yes","Yes","Yes","Yes","Yes","Yes","Yes","Yes","Yes","Yes","No","Yes","Yes","Yes","Yes","Yes","Female","30-44","White, non-Hispanic","Bachelor's degree","$60,000 to under $100,000","Metro Area"
403,2.0172605447,"Yes","No","Yes","Yes","No","Unsure","No","Unsure","Unsure","Unsure","Unsure","Unsure","No","No","Unsure","No","Female","60+","White, non-Hispanic","HS graduate or equivalent","Less than $30,000","Non-Metro Area"
404,0.8993505056,"Yes","No","Yes","Yes","No","No","No","No","No","No","No","No","Yes","No","Yes","No","Female","30-44","White, non-Hispanic","HS graduate or equivalent","$60,000 to under $100,000","Non-Metro Area"
405,0.60292465,"Yes","Yes","Yes","Yes","Unsure","Yes","Unsure","Yes","No","Yes","Yes","Yes","No","Unsure","Yes","Yes","Female","30-44","White, non-Hispanic","Bachelor's degree","$100,000 or more","Metro Area"
406,0.1590311092,"Yes","Yes","Yes","Yes","Yes","Yes","Yes","Yes","Yes","Yes","Yes","Yes","Unsure","Unsure","Yes","Unsure","Female","30-44","White, non-Hispanic","Post grad study/professional degree","$100,000 or more","Metro Area"
407,1.6789718817,"Yes","Unsure","Yes","Yes","No","Yes","Yes","Yes","Yes","Yes","Yes","No","Yes","Yes","Yes","Yes","Female","60+","2+, non-Hispanic","Some college/ associates degree","$30,000 to under $60,000","Metro Area"
408,0.7951544567,"Yes","Yes","Yes","SKIPPED ON WEB","Yes","Yes","Yes","Yes","Yes","Yes","Yes","Yes","Yes","Yes","Yes","Yes","Male","45-59","White, non-Hispanic","Some college/ associates degree","$100,000 or more","Metro Area"
409,0.1044978816,"Yes","Yes","Yes","Yes","Yes","Yes","Yes","Yes","No","Yes","Yes","No","Yes","No","Yes","Unsure","Female","30-44","White, non-Hispanic","Bachelor's degree","$60,000 to under $100,000","Metro Area"
410,0.7632098072,"No","No","Yes","Yes","No","Yes","Yes","Yes","No","No","No","No","Yes","No","Yes","Yes","Female","45-59","White, non-Hispanic","Bachelor's degree","$30,000 to under $60,000","Metro Area"
411,0.2783697794,"Yes","No","Yes","Yes","No","No","Yes","Yes","Yes","Yes","Yes","Yes","No","No","Yes","No","Male","60+","White, non-Hispanic","Post grad study/professional degree","$100,000 or more","Metro Area"
412,0.3631085664,"Yes","No","Yes","Yes","No","Yes","No","No","No","No","No","No","No","No","Yes","No","Female","60+","White, non-Hispanic","Post grad study/professional degree","$100,000 or more","Non-Metro Area"
413,0.3629827611,"Yes","Yes","Yes","Yes","Yes","Yes","Yes","Yes","Yes","Yes","Yes","Yes","Yes","Yes","Yes","Yes","Male","30-44","White, non-Hispanic","Bachelor's degree","$100,000 or more","Metro Area"
414,1.9669160543,"Unsure","No","No","No","No","No","No","No","No","No","Yes","No","No","No","No","No","Female","45-59","White, non-Hispanic","HS graduate or equivalent","$30,000 to under $60,000","Metro Area"
415,0.4797972337,"Yes","Yes","Yes","Yes","No","Yes","Yes","Yes","Yes","Yes","No","No","Yes","No","Yes","Yes","Male","30-44","White, non-Hispanic","Bachelor's degree","$100,000 or more","Metro Area"
416,0.7632215324,"Yes","Yes","Yes","Yes","No","Yes","Yes","Yes","No","Yes","Yes","Yes","No","Yes","Yes","Yes","Female","18-29","White, non-Hispanic","Post grad study/professional degree","$30,000 to under $60,000","Non-Metro Area"
417,0.348923252,"Yes","Unsure","Yes","Yes","Yes","Yes","Yes","Yes","Yes","Yes","Yes","Yes","Yes","Yes","Yes","Yes","Male","60+","White, non-Hispanic","Some college/ associates degree","$60,000 to under $100,000","Metro Area"
418,0.5164338586,"Yes","Yes","Yes","Yes","Yes","Yes","Yes","Yes","Yes","Yes","Yes","Yes","Yes","Yes","Yes","Yes","Male","30-44","White, non-Hispanic","Bachelor's degree","$100,000 or more","Metro Area"
419,0.3689382965,"Yes","Yes","Yes","Yes","Yes","Yes","Yes","Yes","Unsure","Yes","Unsure","Yes","Yes","Yes","Yes","Yes","Male","45-59","White, non-Hispanic","Post grad study/professional degree","$60,000 to under $100,000","Metro Area"
420,0.3857946003,"Yes","Yes","Yes","Yes","No","Unsure","Yes","No","No","No","No","No","No","No","Yes","No","Female","30-44","White, non-Hispanic","HS graduate or equivalent","$60,000 to under $100,000","Metro Area"
421,1.7661367544,"Yes","Unsure","Yes","Yes","No","Yes","Yes","Unsure","Unsure","Unsure","Yes","Unsure","No","No","Yes","Unsure","Male","60+","White, non-Hispanic","HS graduate or equivalent","$100,000 or more","Metro Area"
422,1.5016730111,"No","No","No","Yes","Unsure","Unsure","Unsure","Unsure","No","No","No","No","No","No","No","No","Male","45-59","White, non-Hispanic","HS graduate or equivalent","Less than $30,000","Metro Area"
423,0.5355365718,"Yes","Yes","Yes","Yes","No","No","Yes","Yes","Yes","Yes","No","No","Yes","Yes","Yes","Yes","Female","60+","White, non-Hispanic","Some college/ associates degree","$60,000 to under $100,000","Metro Area"
424,1.2105231728,"Yes","No","Unsure","SKIPPED ON WEB","No","No","Yes","No","No","No","No","No","No","No","No","No","Female","60+","White, non-Hispanic","HS graduate or equivalent","Less than $30,000","Non-Metro Area"
425,0.5951847095,"Yes","Yes","Yes","Yes","No","Yes","Yes","Yes","Yes","Yes","No","No","No","Yes","Yes","Yes","Male","60+","White, non-Hispanic","Post grad study/professional degree","$100,000 or more","Non-Metro Area"
426,0.1721012294,"Yes","Unsure","Yes","Yes","No","Unsure","Yes","No","No","No","No","No","No","No","No","No","Female","60+","White, non-Hispanic","Some college/ associates degree","$60,000 to under $100,000","Non-Metro Area"
427,0.3526648714,"Yes","Yes","Yes","No","Yes","Yes","Yes","Yes","Yes","Yes","Yes","Yes","Yes","Yes","Yes","Yes","Female","45-59","White, non-Hispanic","Some college/ associates degree","$30,000 to under $60,000","Metro Area"
428,1.6317807311,"Yes","Yes","Yes","Yes","No","Yes","No","Yes","No","No","No","No","No","No","Yes","No","Female","30-44","White, non-Hispanic","HS graduate or equivalent","$30,000 to under $60,000","Metro Area"
429,0.2337016158,"Yes","Yes","Yes","Yes","No","Yes","Yes","No","Yes","No","No","No","Yes","Yes","Yes","Yes","Female","30-44","White, non-Hispanic","Some college/ associates degree","$30,000 to under $60,000","Metro Area"
430,0.4886513504,"Yes","No","Yes","Yes","No","Yes","Yes","Yes","No","Yes","Yes","Yes","Yes","Yes","Yes","No","Female","30-44","White, non-Hispanic","Post grad study/professional degree","$30,000 to under $60,000","Metro Area"
431,0.6675803287,"Yes","No","Yes","Yes","No","No","No","No","Yes","No","No","No","No","No","Yes","Yes","Male","60+","White, non-Hispanic","Less than HS","$30,000 to under $60,000","Metro Area"
432,2.0776671066,"Yes","Yes","Yes","Yes","Yes","Yes","Yes","Yes","Yes","Yes","Yes","Yes","Yes","Yes","Yes","Yes","Female","45-59","White, non-Hispanic","Bachelor's degree","$100,000 or more","Metro Area"
433,0.4339542745,"Yes","Yes","Yes","Yes","Yes","Yes","Yes","Yes","Yes","Yes","Yes","Yes","No","Yes","Yes","Yes","Female","45-59","White, non-Hispanic","Some college/ associates degree","$100,000 or more","Metro Area"
434,0.7584173329,"Yes","Yes","Yes","Yes","Yes","Yes","Yes","Yes","Unsure","Yes","Yes","Yes","Unsure","Unsure","Yes","Yes","Male","30-44","White, non-Hispanic","Post grad study/professional degree","$60,000 to under $100,000","Metro Area"
435,2.4354798009,"Yes","No","Yes","Yes","No","No","Yes","No","Yes","No","Yes","No","No","No","Yes","Yes","Male","60+","White, non-Hispanic","HS graduate or equivalent","Less than $30,000","Non-Metro Area"
436,1.4376038171,"Yes","Yes","Yes","Yes","Yes","Yes","Yes","Yes","Yes","Yes","Yes","Yes","Yes","Unsure","Yes","Yes","Male","18-29","White, non-Hispanic","Bachelor's degree","$100,000 or more","Metro Area"
437,1.3243570826,"Yes","Yes","Yes","Yes","Yes","Yes","Yes","Yes","No","Yes","Yes","No","Yes","Yes","Yes","Yes","Male","45-59","White, non-Hispanic","HS graduate or equivalent","$60,000 to under $100,000","Non-Metro Area"
438,2.6327547349,"Yes","Yes","Yes","Yes","No","No","Yes","Yes","No","Yes","Yes","Unsure","Yes","Yes","Yes","Yes","Male","60+","White, non-Hispanic","HS graduate or equivalent","$30,000 to under $60,000","Metro Area"
439,0.3932028723,"Yes","Yes","Yes","Yes","Yes","Yes","Yes","Yes","Yes","Yes","Yes","Yes","Yes","Yes","Yes","Yes","Male","45-59","White, non-Hispanic","Some college/ associates degree","$30,000 to under $60,000","Non-Metro Area"
440,1.0172461632,"Yes","Yes","Yes","Yes","Yes","Yes","Yes","Yes","No","Yes","Yes","Yes","Yes","Yes","Yes","Yes","Female","45-59","White, non-Hispanic","Bachelor's degree","$100,000 or more","Metro Area"
441,0.2614119322,"Yes","Yes","Yes","Yes","Yes","Yes","Yes","Yes","Yes","Yes","Yes","SKIPPED ON WEB","Yes","Yes","Yes","Yes","Male","30-44","White, non-Hispanic","Bachelor's degree","$100,000 or more","Metro Area"
442,0.634763153,"Yes","Yes","Yes","Yes","Yes","Yes","Yes","Unsure","Unsure","Yes","Yes","Unsure","Yes","Unsure","Yes","Yes","Female","30-44","White, non-Hispanic","Post grad study/professional degree","$100,000 or more","Metro Area"
443,0.9471241393,"Yes","Yes","Yes","Yes","Yes","Yes","Yes","Yes","Yes","Yes","Yes","Yes","Yes","Yes","Yes","Yes","Male","30-44","White, non-Hispanic","Bachelor's degree","$100,000 or more","Metro Area"
444,0.7990884113,"Yes","Yes","Yes","Yes","No","No","Unsure","Yes","Yes","Yes","Unsure","No","No","Yes","Yes","Unsure","Male","60+","White, non-Hispanic","Post grad study/professional degree","$100,000 or more","Metro Area"
445,1.0371886601,"Yes","No","Yes","Yes","No","Yes","Yes","Yes","Yes","Yes","No","No","No","No","Yes","No","Female","45-59","White, non-Hispanic","HS graduate or equivalent","$60,000 to under $100,000","Metro Area"
446,0.8059214502,"Yes","Yes","Yes","Yes","Yes","Yes","Yes","Yes","Unsure","Yes","Yes","Yes","No","No","Yes","No","Male","45-59","2+, non-Hispanic","Post grad study/professional degree","$30,000 to under $60,000","Metro Area"
447,2.2696713018,"No","Yes","Yes","Yes","No","Yes","Yes","Yes","Yes","Yes","Yes","Yes","No","Yes","Yes","Yes","Male","30-44","Asian-Pacific Islander, non-Hispanic","HS graduate or equivalent","$30,000 to under $60,000","Metro Area"
448,2.0197906027,"Yes","Yes","Yes","Yes","Yes","Yes","Yes","Yes","No","Yes","Yes","Yes","Yes","Yes","Yes","Yes","Female","30-44","White, non-Hispanic","Bachelor's degree","$30,000 to under $60,000","Metro Area"
449,1.9981192306,"Unsure","Unsure","Unsure","Unsure","Yes","Yes","Yes","Yes","Unsure","Unsure","Unsure","Unsure","Unsure","Unsure","Unsure","Unsure","Female","60+","White, non-Hispanic","Bachelor's degree","$60,000 to under $100,000","Metro Area"
450,0.703953035,"Yes","Yes","Yes","Yes","No","Yes","Yes","Yes","No","Yes","Yes","No","No","Yes","Yes","Yes","Female","30-44","White, non-Hispanic","Some college/ associates degree","$100,000 or more","Metro Area"
451,0.6131153711,"Yes","Yes","Yes","Yes","Yes","Yes","Yes","Yes","Yes","Yes","Yes","Yes","Yes","Yes","Yes","Yes","Male","30-44","White, non-Hispanic","Bachelor's degree","$100,000 or more","Metro Area"
452,1.1236436621,"Yes","Yes","Yes","Yes","Yes","Yes","Yes","Yes","Yes","Yes","Yes","Yes","Yes","Unsure","Yes","Yes","Male","45-59","Asian-Pacific Islander, non-Hispanic","Bachelor's degree","$100,000 or more","Metro Area"
453,1.1722634456,"Yes","Yes","Yes","Yes","Yes","Yes","Yes","Yes","Yes","Unsure","Unsure","Unsure","Unsure","Unsure","Yes","Yes","Female","60+","White, non-Hispanic","Some college/ associates degree","$30,000 to under $60,000","Metro Area"
454,1.6999130009,"Yes","No","Unsure","Yes","No","No","Yes","Unsure","Yes","No","No","No","Unsure","Unsure","Yes","No","Female","45-59","White, non-Hispanic","Some college/ associates degree","$60,000 to under $100,000","Metro Area"
455,0.8530031652,"Yes","Yes","Yes","Yes","No","No","No","No","No","No","No","No","No","No","Yes","No","Male","45-59","White, non-Hispanic","Some college/ associates degree","$60,000 to under $100,000","Non-Metro Area"
456,2.3623368833,"Yes","No","Yes","Yes","No","No","No","No","Yes","No","No","No","No","No","Yes","Yes","Male","60+","White, non-Hispanic","Bachelor's degree","$30,000 to under $60,000","Metro Area"
457,0.8763351439,"Yes","Yes","Yes","Yes","No","No","Yes","Yes","Yes","Yes","No","Yes","Yes","No","Yes","Yes","Female","30-44","White, non-Hispanic","Post grad study/professional degree","$100,000 or more","Metro Area"
458,1.1324422192,"Yes","Yes","Yes","Yes","Yes","Yes","Yes","Yes","Unsure","Yes","Yes","No","No","No","Yes","Yes","Female","45-59","White, non-Hispanic","Post grad study/professional degree","$60,000 to under $100,000","Metro Area"
459,1.0231083676,"Yes","Yes","Yes","Yes","Yes","Yes","Yes","Yes","Yes","Yes","Yes","Yes","Yes","No","Yes","Yes","Male","30-44","White, non-Hispanic","Bachelor's degree","$100,000 or more","Metro Area"
460,0.7068580752,"Yes","Yes","Yes","Yes","No","No","No","No","Yes","No","Yes","No","No","No","Yes","Yes","Male","60+","White, non-Hispanic","Post grad study/professional degree","$60,000 to under $100,000","Metro Area"
461,1.0389744025,"Yes","Yes","Yes","Yes","No","Yes","No","No","No","No","No","No","No","No","Yes","Yes","Female","60+","White, non-Hispanic","Some college/ associates degree","$100,000 or more","Metro Area"
462,0.457120512,"Yes","Yes","Yes","Yes","Yes","Yes","Yes","Yes","Unsure","Yes","Yes","No","SKIPPED ON WEB","Yes","Yes","Unsure","Female","30-44","White, non-Hispanic","Post grad study/professional degree","$100,000 or more","Metro Area"
463,1.1863159499,"Yes","No","Yes","Yes","No","Yes","Yes","Yes","Yes","Unsure","Yes","Unsure","No","Yes","Yes","Yes","Male","60+","White, non-Hispanic","Bachelor's degree","$100,000 or more","Metro Area"
464,1.4259555669,"Yes","Unsure","Yes","Yes","No","Yes","No","Yes","Yes","Yes","No","No","No","No","Yes","Unsure","Female","60+","Asian-Pacific Islander, non-Hispanic","Some college/ associates degree","$30,000 to under $60,000","Metro Area"
465,0.5962058332,"Yes","Unsure","Yes","Yes","No","Yes","Yes","Yes","No","Yes","Yes","Yes","No","No","Yes","Yes","Male","45-59","White, non-Hispanic","Post grad study/professional degree","$30,000 to under $60,000","Metro Area"
466,2.7577621318,"Yes","Yes","Yes","Yes","Yes","Yes","No","No","Yes","Yes","No","No","No","No","Yes","Yes","Male","45-59","White, non-Hispanic","HS graduate or equivalent","$100,000 or more","Metro Area"
467,1.2514918629,"Yes","Yes","Yes","Yes","No","Yes","Yes","Yes","Yes","Yes","Unsure","Unsure","Yes","Unsure","Yes","No","Male","30-44","White, non-Hispanic","HS graduate or equivalent","$100,000 or more","Metro Area"
468,0.9536737734,"Yes","Yes","Yes","Yes","Yes","No","Yes","Yes","No","No","No","No","Yes","No","Yes","No","Male","45-59","White, non-Hispanic","Some college/ associates degree","$100,000 or more","Metro Area"
469,0.1054830721,"Yes","No","Yes","Yes","No","No","No","No","Yes","Yes","No","No","SKIPPED ON WEB","Yes","Yes","Yes","Female","60+","Other, non-Hispanic","Post grad study/professional degree","$60,000 to under $100,000","Metro Area"
470,1.3448211137,"Yes","Yes","Yes","Yes","No","Yes","Yes","Yes","Yes","Yes","Yes","Yes","Yes","Yes","Yes","Yes","Female","30-44","White, non-Hispanic","Bachelor's degree","$30,000 to under $60,000","Metro Area"
471,0.80617951,"Yes","Yes","Yes","Yes","Yes","Yes","Yes","Yes","Yes","Yes","Yes","Yes","Unsure","Unsure","Yes","Yes","Female","30-44","White, non-Hispanic","Bachelor's degree","$60,000 to under $100,000","Metro Area"
472,1.4585518695,"Yes","No","Yes","Yes","No","No","Yes","Yes","Yes","No","No","No","No","No","Yes","No","Female","30-44","Other, non-Hispanic","Bachelor's degree","$100,000 or more","Metro Area"
473,0.790568131,"Yes","Yes","Yes","Yes","No","Unsure","Yes","Yes","Unsure","Yes","No","No","Yes","No","Yes","Yes","Female","45-59","White, non-Hispanic","Post grad study/professional degree","$100,000 or more","Metro Area"
474,2.3729738059,"Yes","Yes","Yes","Yes","No","Yes","Yes","Yes","No","Yes","No","No","Yes","No","Yes","No","Female","45-59","White, non-Hispanic","Post grad study/professional degree","$100,000 or more","Metro Area"
475,0.4937108317,"Yes","Yes","Yes","Yes","Unsure","Yes","Yes","Yes","Unsure","Yes","Unsure","Unsure","Yes","Yes","Yes","Unsure","Male","30-44","2+, non-Hispanic","Some college/ associates degree","$100,000 or more","Metro Area"
476,1.5437871806,"Yes","Yes","Yes","Yes","Yes","Yes","Yes","Yes","Unsure","Yes","Yes","Yes","No","Yes","Yes","Yes","Female","30-44","White, non-Hispanic","Bachelor's degree","$100,000 or more","Non-Metro Area"
477,0.3762354798,"Yes","No","Yes","Yes","No","Yes","No","No","No","No","No","No","Yes","Yes","Yes","No","Female","60+","White, non-Hispanic","Some college/ associates degree","$60,000 to under $100,000","Metro Area"
478,0.5646623728,"Yes","Yes","Yes","Yes","No","No","Yes","Yes","Unsure","Yes","Unsure","No","Yes","Yes","Yes","Unsure","Female","45-59","White, non-Hispanic","Post grad study/professional degree","Less than $30,000","Metro Area"
479,0.3719081317,"Yes","Yes","Yes","Yes","No","Yes","Yes","Yes","No","Yes","Unsure","Yes","Unsure","Unsure","Yes","Unsure","Female","30-44","White, non-Hispanic","Post grad study/professional degree","$60,000 to under $100,000","Metro Area"
480,0.8187505809,"No","No","No","No","SKIPPED ON WEB","SKIPPED ON WEB","SKIPPED ON WEB","Yes","Yes","Yes","No","No","No","No","Yes","No","Female","60+","White, non-Hispanic","Some college/ associates degree","$60,000 to under $100,000","Metro Area"
481,0.9622256125,"Yes","Yes","Yes","Yes","Unsure","Unsure","Unsure","Unsure","Unsure","Unsure","Unsure","Unsure","Unsure","Unsure","Unsure","Unsure","Male","45-59","White, non-Hispanic","Bachelor's degree","$60,000 to under $100,000","Metro Area"
482,0.2011172901,"Yes","Yes","Yes","Yes","Yes","Yes","Yes","Yes","Yes","Yes","Yes","Yes","No","Yes","Yes","Yes","Female","30-44","White, non-Hispanic","Some college/ associates degree","$30,000 to under $60,000","Metro Area"
483,0.6760863487,"Yes","Yes","Yes","Yes","No","No","Yes","No","No","No","No","Yes","No","No","Yes","Yes","Female","30-44","Asian-Pacific Islander, non-Hispanic","Post grad study/professional degree","$30,000 to under $60,000","Metro Area"
484,0.6541454341,"Yes","Yes","Yes","Yes","Yes","Yes","No","Yes","Yes","No","Yes","Yes","Yes","Yes","Yes","Yes","Male","60+","White, non-Hispanic","Post grad study/professional degree","$60,000 to under $100,000","Non-Metro Area"
485,1.8267351553,"Yes","Yes","Yes","Yes","Yes","Unsure","Yes","Yes","No","Yes","No","No","Unsure","No","Yes","Yes","Male","60+","White, non-Hispanic","Post grad study/professional degree","$100,000 or more","Metro Area"
486,0.494769691,"Yes","Yes","Yes","Yes","Yes","Yes","Yes","Unsure","Yes","Yes","Unsure","Unsure","Unsure","Yes","Yes","Yes","Male","45-59","White, non-Hispanic","Bachelor's degree","$100,000 or more","Metro Area"
487,0.2558828798,"Yes","Yes","Yes","Yes","Yes","Yes","Yes","Yes","Yes","Yes","Yes","Unsure","Yes","Unsure","Yes","Yes","Male","60+","White, non-Hispanic","Some college/ associates degree","$60,000 to under $100,000","Metro Area"
488,0.1950699944,"Yes","Yes","Yes","Yes","No","No","Yes","Yes","No","Unsure","Yes","Unsure","No","No","Unsure","Unsure","Female","60+","White, non-Hispanic","Some college/ associates degree","$60,000 to under $100,000","Non-Metro Area"
489,0.4556760621,"Yes","Yes","Yes","Yes","Yes","Yes","Yes","Yes","Yes","Yes","Unsure","Yes","No","Yes","Yes","Yes","Female","30-44","White, non-Hispanic","Bachelor's degree","$100,000 or more","Metro Area"
490,0.2539168167,"Yes","Yes","Yes","Yes","Yes","Yes","Yes","Yes","No","Yes","Yes","Yes","Yes","Yes","Yes","Unsure","Female","30-44","White, non-Hispanic","Post grad study/professional degree","$60,000 to under $100,000","Metro Area"
491,0.6836792721,"Yes","Yes","Yes","Yes","Unsure","Yes","No","Yes","No","Yes","Yes","Yes","No","Yes","Yes","Yes","Female","60+","White, non-Hispanic","Post grad study/professional degree","$100,000 or more","Metro Area"
492,1.1495445923,"Yes","No","Yes","Yes","No","Yes","Yes","Yes","No","Yes","No","No","No","No","Yes","No","Male","60+","White, non-Hispanic","Some college/ associates degree","$30,000 to under $60,000","Metro Area"
493,0.1852863165,"Yes","Yes","Yes","Yes","Yes","Yes","No","Yes","No","Yes","No","No","Yes","No","Yes","Yes","Male","45-59","White, non-Hispanic","Some college/ associates degree","$100,000 or more","Non-Metro Area"
494,1.3254312661,"Yes","No","Yes","Yes","No","No","Yes","Yes","Yes","Yes","No","No","No","No","Yes","No","Female","45-59","White, non-Hispanic","Post grad study/professional degree","$100,000 or more","Metro Area"
495,0.1944576715,"Yes","Yes","Yes","Yes","Yes","No","Yes","Yes","Yes","Yes","Yes","Yes","Yes","Yes","Yes","Yes","Male","45-59","White, non-Hispanic","Bachelor's degree","$100,000 or more","Metro Area"
496,1.127758468,"Yes","Yes","Yes","Yes","Yes","Yes","Yes","Yes","Yes","Yes","No","Yes","Yes","Yes","Yes","Yes","Male","60+","White, non-Hispanic","Post grad study/professional degree","$100,000 or more","Metro Area"
497,1.237844165,"Yes","Yes","Yes","Yes","Yes","Yes","Yes","Yes","Yes","Yes","Yes","Yes","Yes","Yes","Yes","Yes","Male","60+","White, non-Hispanic","Some college/ associates degree","$100,000 or more","Metro Area"
498,1.3620550933,"Yes","Yes","Yes","Yes","No","No","No","No","Yes","Yes","No","No","Yes","No","Yes","Yes","Female","30-44","White, non-Hispanic","HS graduate or equivalent","Less than $30,000","Non-Metro Area"
499,0.6214200823,"Yes","Yes","Yes","Yes","Yes","Yes","Yes","Yes","Yes","Yes","Yes","Yes","Yes","Yes","Yes","Yes","Female","30-44","White, non-Hispanic","Bachelor's degree","$100,000 or more","Metro Area"
500,2.1733688792,"Yes","Yes","Yes","Yes","Yes","Yes","Yes","Yes","Yes","Yes","Unsure","Unsure","Yes","Unsure","Yes","Yes","Female","45-59","White, non-Hispanic","HS graduate or equivalent","$60,000 to under $100,000","Metro Area"
501,0.8658454122,"Yes","Yes","Yes","Yes","Unsure","Yes","Yes","Yes","Unsure","Yes","No","Yes","Yes","Yes","Yes","Unsure","Female","30-44","White, non-Hispanic","Bachelor's degree","$100,000 or more","Metro Area"
502,0.8659649832,"Yes","No","Yes","Yes","No","Yes","Yes","Yes","Yes","Yes","Yes","Yes","Unsure","Unsure","Yes","Yes","Female","45-59","White, non-Hispanic","Bachelor's degree","$100,000 or more","Metro Area"
503,0.5400984075,"Yes","Yes","Yes","Yes","Yes","Yes","Yes","Yes","Yes","Yes","Yes","No","Yes","Yes","Yes","Yes","Male","60+","White, non-Hispanic","Some college/ associates degree","$100,000 or more","Metro Area"
504,1.761574708,"Yes","Yes","Yes","Yes","No","Yes","Yes","No","Unsure","Yes","Unsure","No","No","Yes","Yes","Yes","Female","30-44","White, non-Hispanic","HS graduate or equivalent","$30,000 to under $60,000","Metro Area"
505,0.6541075808,"Yes","Yes","Yes","Yes","Yes","Unsure","Yes","Yes","No","Unsure","Yes","Unsure","Unsure","No","Yes","Unsure","Male","45-59","2+, non-Hispanic","Bachelor's degree","$100,000 or more","Metro Area"
506,0.3949125848,"Yes","No","Unsure","Yes","No","Unsure","Unsure","Unsure","No","No","No","No","No","No","Yes","No","Female","60+","White, non-Hispanic","Bachelor's degree","Less than $30,000","Non-Metro Area"
507,0.5184268488,"Yes","No","Yes","Yes","No","Yes","Yes","Yes","Yes","Yes","No","No","No","No","Yes","No","Female","60+","White, non-Hispanic","Bachelor's degree","$60,000 to under $100,000","Metro Area"
508,1.0517320197,"Yes","Yes","Yes","Yes","Yes","Yes","Yes","Yes","No","No","No","No","Yes","Yes","Yes","Yes","Male","60+","White, non-Hispanic","Bachelor's degree","$60,000 to under $100,000","Metro Area"
509,1.279512632,"Yes","No","Yes","Yes","No","Yes","No","Yes","Yes","Yes","No","No","No","No","Yes","No","Male","60+","White, non-Hispanic","HS graduate or equivalent","Less than $30,000","Metro Area"
510,1.3976899967,"Yes","No","Yes","Yes","No","Yes","No","Yes","No","Yes","No","No","No","No","Yes","No","Male","60+","White, non-Hispanic","HS graduate or equivalent","$30,000 to under $60,000","Metro Area"
511,0.3388518324,"Yes","Unsure","Yes","Yes","Unsure","Unsure","Yes","Yes","Yes","Yes","Yes","Yes","Unsure","Unsure","Yes","Yes","Female","45-59","White, non-Hispanic","Some college/ associates degree","Less than $30,000","Non-Metro Area"
512,0.7481890087,"Yes","No","Yes","Yes","No","No","Yes","Unsure","No","No","No","No","No","No","Yes","No","Female","45-59","White, non-Hispanic","Some college/ associates degree","Less than $30,000","Metro Area"
513,1.7580135888,"Yes","Unsure","Yes","Yes","No","Yes","Yes","Yes","No","Yes","Yes","No","Yes","No","Yes","Yes","Female","30-44","White, non-Hispanic","HS graduate or equivalent","Less than $30,000","Metro Area"
514,0.2868670949,"Yes","Yes","Yes","Yes","Yes","Yes","Unsure","Yes","Yes","Yes","Yes","Yes","Yes","Yes","Yes","Yes","Female","60+","White, non-Hispanic","Some college/ associates degree","$100,000 or more","Metro Area"
515,0.5696089876,"Yes","Unsure","Unsure","Yes","No","Yes","Unsure","Unsure","Unsure","Unsure","No","No","Unsure","Unsure","Yes","Unsure","Female","60+","White, non-Hispanic","Bachelor's degree","$30,000 to under $60,000","Non-Metro Area"
516,1.2735393695,"Yes","Yes","Yes","Yes","Unsure","Yes","Yes","Yes","No","Unsure","No","No","No","No","Yes","Yes","Male","60+","White, non-Hispanic","HS graduate or equivalent","Less than $30,000","Metro Area"
517,0.6702118707,"Yes","No","Yes","Yes","No","No","No","No","No","No","No","No","No","No","Yes","No","Female","45-59","White, non-Hispanic","Bachelor's degree","$60,000 to under $100,000","Metro Area"
518,0.2806100464,"Yes","Yes","Yes","Yes","No","No","Yes","No","Yes","Yes","Yes","Yes","Yes","No","Yes","Yes","Female","45-59","White, non-Hispanic","Post grad study/professional degree","$100,000 or more","Metro Area"
519,0.9090534983,"Yes","Yes","Yes","Yes","Unsure","Yes","Yes","Yes","Yes","Yes","Unsure","Unsure","Yes","Unsure","Yes","Yes","Female","18-29","White, non-Hispanic","HS graduate or equivalent","Less than $30,000","Metro Area"
520,0.2911367509,"Yes","Unsure","Yes","Yes","No","Yes","Yes","Unsure","Yes","Yes","No","No","No","Unsure","Yes","Unsure","Male","60+","White, non-Hispanic","Some college/ associates degree","$60,000 to under $100,000","Metro Area"
521,0.1822127481,"Yes","Unsure","Yes","Yes","Unsure","Unsure","Yes","Unsure","Unsure","Unsure","Yes","No","Yes","Unsure","Unsure","Unsure","Male","60+","White, non-Hispanic","Some college/ associates degree","$30,000 to under $60,000","Metro Area"
522,0.6955664435,"Yes","Yes","Yes","Yes","No","Yes","Yes","Yes","No","Yes","No","Yes","No","Yes","No","No","Male","30-44","White, non-Hispanic","Post grad study/professional degree","$100,000 or more","Metro Area"
523,0.3828726732,"Yes","Yes","Yes","Yes","No","Yes","Yes","Yes","No","Yes","No","No","Unsure","Yes","Yes","Yes","Female","60+","White, non-Hispanic","Some college/ associates degree","$100,000 or more","Metro Area"
524,0.3967454826,"Yes","No","Yes","Yes","No","No","Yes","Yes","Yes","No","No","No","No","No","Yes","No","Male","60+","White, non-Hispanic","Some college/ associates degree","$60,000 to under $100,000","Metro Area"
525,0.847336469,"Yes","Unsure","Yes","Yes","No","No","Yes","Unsure","No","Unsure","No","No","Yes","No","Yes","No","Female","60+","White, non-Hispanic","Some college/ associates degree","Less than $30,000","Metro Area"
526,0.9996028361,"Yes","Yes","Yes","Yes","Yes","Yes","Yes","Yes","No","Yes","No","No","Yes","No","Yes","No","Male","30-44","White, non-Hispanic","Bachelor's degree","$60,000 to under $100,000","Non-Metro Area"
527,0.1654261621,"Yes","No","Yes","Yes","No","No","No","Yes","No","Yes","No","No","No","No","Yes","No","Female","60+","White, non-Hispanic","Some college/ associates degree","$60,000 to under $100,000","Metro Area"
528,1.112920171,"Yes","Yes","Yes","Yes","No","No","Yes","Yes","No","Yes","No","Yes","No","No","Yes","Yes","Female","45-59","White, non-Hispanic","Post grad study/professional degree","$100,000 or more","Metro Area"
529,0.3760372436,"Yes","Yes","Yes","Yes","Unsure","Unsure","Yes","Yes","Unsure","Yes","Yes","Yes","Unsure","Unsure","Yes","Yes","Female","45-59","White, non-Hispanic","Some college/ associates degree","Less than $30,000","Metro Area"
530,0.33136876,"Yes","No","Yes","Yes","No","Yes","Yes","Yes","Unsure","Unsure","Unsure","No","No","No","Yes","Yes","Female","30-44","Asian-Pacific Islander, non-Hispanic","Bachelor's degree","$100,000 or more","Metro Area"
531,0.4037569432,"Yes","Yes","Yes","Yes","Unsure","Unsure","Yes","Yes","Unsure","Unsure","Yes","Yes","No","No","Yes","Unsure","Male","60+","White, non-Hispanic","Post grad study/professional degree","$60,000 to under $100,000","Non-Metro Area"
532,0.2343695473,"Yes","Yes","Yes","Yes","No","Yes","Yes","Yes","Yes","Yes","Yes","Yes","Yes","No","Yes","No","Male","30-44","White, non-Hispanic","Post grad study/professional degree","$100,000 or more","Metro Area"
533,1.2372564932,"Yes","Yes","Yes","Yes","Yes","Yes","Yes","Yes","Yes","Yes","Yes","Yes","Yes","Yes","Yes","Yes","Male","30-44","White, non-Hispanic","Bachelor's degree","$100,000 or more","Metro Area"
534,0.441677752,"Yes","No","Yes","Yes","No","No","Yes","No","No","No","No","No","No","No","Yes","No","Male","60+","White, non-Hispanic","Some college/ associates degree","$100,000 or more","Metro Area"
535,0.2274451911,"Yes","Yes","Yes","Yes","Yes","Yes","Yes","Yes","Yes","Yes","Yes","Yes","Yes","No","Yes","Yes","Male","30-44","White, non-Hispanic","Some college/ associates degree","Less than $30,000","Metro Area"
536,0.5670264107,"Yes","No","Yes","Yes","No","No","No","Yes","No","Yes","Yes","No","No","Yes","Yes","No","Male","60+","White, non-Hispanic","Some college/ associates degree","$100,000 or more","Metro Area"
537,1.5845874429,"No","No","Yes","Yes","No","Yes","No","Yes","Yes","No","No","No","Yes","No","Yes","Yes","Female","45-59","White, non-Hispanic","HS graduate or equivalent","Less than $30,000","Metro Area"
538,0.739297177,"Yes","No","Yes","Yes","No","Yes","Yes","Yes","No","Yes","No","No","Yes","No","Yes","No","Male","45-59","White, non-Hispanic","Some college/ associates degree","$60,000 to under $100,000","Metro Area"
539,0.8674231873,"Yes","Unsure","Yes","Yes","No","Yes","Yes","Yes","Yes","Yes","Yes","Yes","No","Yes","Yes","Unsure","Male","60+","White, non-Hispanic","Some college/ associates degree","$100,000 or more","Metro Area"
540,0.5342336532,"Yes","Unsure","Yes","Yes","No","Unsure","Yes","Yes","Yes","Unsure","Unsure","No","No","Unsure","Yes","No","Female","60+","White, non-Hispanic","Some college/ associates degree","Less than $30,000","Metro Area"
541,0.6048977105,"Yes","Yes","Yes","Yes","No","No","Yes","No","Yes","Yes","Yes","Yes","Yes","Yes","Yes","Yes","Male","30-44","White, non-Hispanic","Post grad study/professional degree","$100,000 or more","Metro Area"
542,0.9214737527,"Yes","Yes","Yes","Yes","No","Yes","Yes","Yes","No","Yes","Yes","No","No","Yes","Yes","Unsure","Female","30-44","2+, non-Hispanic","Some college/ associates degree","Less than $30,000","Metro Area"
543,0.9998513559,"Yes","Yes","Yes","Yes","Yes","Yes","Yes","Yes","Yes","Yes","Yes","Yes","Yes","Yes","Yes","Yes","Male","60+","White, non-Hispanic","Post grad study/professional degree","$100,000 or more","Metro Area"
544,0.8376511782,"Yes","Yes","Yes","Yes","Yes","Yes","Yes","Yes","Unsure","Yes","Yes","Unsure","Yes","Unsure","Yes","Yes","Male","45-59","White, non-Hispanic","Post grad study/professional degree","$60,000 to under $100,000","Metro Area"
545,0.5062500878,"Yes","Unsure","Yes","Yes","Unsure","Unsure","Yes","Yes","Unsure","Yes","Unsure","Unsure","No","Unsure","Yes","Unsure","Female","45-59","White, non-Hispanic","HS graduate or equivalent","$30,000 to under $60,000","Non-Metro Area"
546,0.5626701587,"Yes","No","Yes","Yes","Yes","Yes","Yes","Yes","Yes","Yes","Yes","Yes","Yes","Yes","Yes","No","Male","60+","White, non-Hispanic","Some college/ associates degree","$60,000 to under $100,000","Metro Area"
547,0.8642914498,"Yes","Yes","Yes","Yes","Unsure","Unsure","Yes","Yes","No","Yes","No","No","Unsure","No","Yes","Yes","Female","45-59","White, non-Hispanic","Post grad study/professional degree","$60,000 to under $100,000","Metro Area"
548,0.4371572035,"Yes","Yes","Yes","Yes","Yes","Yes","Yes","Yes","Yes","Yes","No","No","No","No","Yes","No","Male","45-59","White, non-Hispanic","Post grad study/professional degree","$60,000 to under $100,000","Metro Area"
549,3.7396681836,"Yes","Yes","Yes","Yes","No","Yes","Yes","No","No","No","No","No","No","No","Yes","Yes","Female","60+","White, non-Hispanic","HS graduate or equivalent","$100,000 or more","Non-Metro Area"
550,1.7253261895,"Yes","No","Yes","Yes","No","No","No","No","Yes","No","No","No","No","No","No","No","Female","60+","White, non-Hispanic","HS graduate or equivalent","$100,000 or more","Non-Metro Area"
551,0.290952581,"Yes","No","Yes","Yes","No","Unsure","Yes","Unsure","Yes","Yes","Unsure","No","Unsure","Yes","Yes","No","Female","60+","White, non-Hispanic","Some college/ associates degree","$60,000 to under $100,000","Metro Area"
552,0.3589405921,"Yes","Yes","Yes","Yes","Yes","Yes","Yes","Yes","No","Yes","Yes","No","Yes","Yes","Yes","Yes","Female","30-44","White, non-Hispanic","Bachelor's degree","$100,000 or more","Metro Area"
553,1.6471350175,"Yes","Yes","Yes","Yes","Unsure","Unsure","Yes","Yes","No","Yes","No","No","Unsure","Yes","Yes","Yes","Female","30-44","White, non-Hispanic","HS graduate or equivalent","Less than $30,000","Non-Metro Area"
554,0.47776608,"Yes","Yes","Yes","Yes","Yes","No","Yes","Yes","Yes","Yes","Unsure","Yes","Unsure","Unsure","Yes","Unsure","Female","30-44","White, non-Hispanic","Bachelor's degree","$100,000 or more","Metro Area"
555,0.4510772874,"Yes","No","Yes","Yes","No","No","No","Yes","No","Yes","Unsure","No","Yes","No","Yes","No","Female","60+","White, non-Hispanic","Some college/ associates degree","Less than $30,000","Metro Area"
556,1.0791683115,"Yes","No","Yes","Yes","No","Yes","No","Yes","No","Yes","No","No","No","Yes","Yes","No","Male","45-59","White, non-Hispanic","HS graduate or equivalent","$100,000 or more","Non-Metro Area"
557,1.1092255209,"Yes","Yes","Yes","Yes","Unsure","Unsure","Yes","Yes","Unsure","Yes","Yes","Yes","No","Unsure","Yes","Yes","Male","60+","White, non-Hispanic","Some college/ associates degree","$100,000 or more","Metro Area"
558,0.4324905028,"Yes","Yes","Yes","Yes","Yes","Yes","Yes","Yes","Yes","Yes","Yes","Yes","Unsure","Unsure","Yes","Yes","Female","30-44","White, non-Hispanic","Some college/ associates degree","$100,000 or more","Metro Area"
559,0.1666503275,"Yes","No","No","Yes","No","No","Yes","No","Yes","No","No","No","No","No","No","No","Female","60+","White, non-Hispanic","Some college/ associates degree","$30,000 to under $60,000","Metro Area"
560,1.4822961881,"Yes","Yes","Yes","Yes","Yes","Yes","Yes","Yes","Yes","Yes","Yes","Yes","Yes","Yes","Yes","Yes","Male","45-59","White, non-Hispanic","Bachelor's degree","$100,000 or more","Metro Area"
561,0.5795900749,"Yes","No","Yes","Yes","No","Unsure","Unsure","No","No","Unsure","Unsure","No","No","Unsure","Yes","Unsure","Male","60+","White, non-Hispanic","Some college/ associates degree","$60,000 to under $100,000","Metro Area"
562,0.5597183251,"Yes","Unsure","Yes","Yes","Unsure","Yes","Unsure","Yes","Yes","Yes","No","No","Unsure","Yes","Yes","Unsure","Male","60+","White, non-Hispanic","Some college/ associates degree","$100,000 or more","Metro Area"
563,1.264878964,"Yes","No","No","Yes","No","No","No","Yes","Yes","Yes","No","No","No","No","Yes","No","Female","60+","White, non-Hispanic","Bachelor's degree","$100,000 or more","Metro Area"
564,2.3695846446,"Yes","Yes","Yes","Yes","Yes","Yes","Yes","Yes","Yes","Yes","Yes","Yes","Yes","Yes","Yes","Yes","Male","60+","White, non-Hispanic","HS graduate or equivalent","Less than $30,000","Non-Metro Area"
565,0.2151937158,"Yes","No","Yes","Yes","No","No","No","No","Yes","Yes","No","No","No","No","No","No","Female","60+","White, non-Hispanic","Some college/ associates degree","$100,000 or more","Metro Area"
566,1.698111594,"Yes","Yes","Yes","Yes","No","Yes","Yes","Yes","Yes","Yes","Yes","Yes","No","No","Yes","Yes","Female","30-44","Asian-Pacific Islander, non-Hispanic","Some college/ associates degree","$30,000 to under $60,000","Metro Area"
567,3.3625108052,"Yes","Yes","Yes","Yes","Yes","Yes","Yes","Yes","Yes","Yes","No","No","Yes","Yes","Yes","Yes","Male","60+","Asian-Pacific Islander, non-Hispanic","Post grad study/professional degree","$100,000 or more","Metro Area"
568,0.973279479,"Yes","Yes","Yes","Yes","Yes","Yes","Yes","Yes","Yes","Yes","Yes","Yes","Yes","Yes","Yes","Yes","Female","30-44","White, non-Hispanic","Post grad study/professional degree","$100,000 or more","Metro Area"
569,1.900112692,"Yes","Yes","Yes","Yes","Unsure","Yes","Yes","Unsure","Unsure","Unsure","Unsure","No","No","No","Yes","Yes","Male","60+","White, non-Hispanic","Bachelor's degree","$60,000 to under $100,000","Metro Area"
570,0.9010657098,"Yes","Yes","Yes","Yes","Yes","Yes","Yes","Yes","Yes","Yes","Yes","Yes","Yes","Yes","Yes","Yes","Male","30-44","White, non-Hispanic","Bachelor's degree","$100,000 or more","Metro Area"
571,0.1348177586,"Yes","Yes","Yes","Yes","Yes","Yes","Yes","Yes","Unsure","Yes","Unsure","Unsure","Yes","Unsure","Yes","Unsure","Male","60+","White, non-Hispanic","Some college/ associates degree","$30,000 to under $60,000","Metro Area"
572,0.6239052342,"Yes","Yes","Yes","Yes","Unsure","Yes","Unsure","Yes","No","Yes","Yes","No","Unsure","Yes","Yes","Yes","Female","45-59","White, non-Hispanic","Post grad study/professional degree","$60,000 to under $100,000","Metro Area"
573,0.2432004125,"Yes","Yes","Yes","Yes","Yes","Yes","Yes","Yes","Yes","Yes","Yes","Yes","Yes","Yes","Yes","Yes","Female","45-59","White, non-Hispanic","Post grad study/professional degree","$100,000 or more","Non-Metro Area"
574,1.6692570486,"Yes","Yes","Yes","Yes","Yes","Yes","Yes","Yes","Yes","Yes","Yes","Yes","No","Yes","Yes","Yes","Female","60+","White, non-Hispanic","Bachelor's degree","$30,000 to under $60,000","Metro Area"
575,0.4433345054,"Yes","Yes","Yes","Yes","Yes","Yes","Yes","Yes","No","Yes","Yes","Yes","Yes","Yes","Yes","Yes","Male","30-44","White, non-Hispanic","Bachelor's degree","$60,000 to under $100,000","Metro Area"
576,0.7783196682,"Yes","Yes","Yes","Yes","Yes","Yes","Yes","Yes","Yes","Yes","Yes","Yes","Yes","Yes","Yes","Yes","Female","30-44","White, non-Hispanic","Post grad study/professional degree","$60,000 to under $100,000","Metro Area"
577,0.5621726471,"Yes","Yes","Yes","Yes","Yes","Yes","Yes","Yes","Yes","Yes","Yes","Yes","Yes","Yes","Yes","Yes","Male","45-59","White, non-Hispanic","Some college/ associates degree","$30,000 to under $60,000","Metro Area"
578,1.6571745262,"Yes","No","Yes","Yes","No","Yes","Yes","No","Yes","Yes","Yes","No","No","No","SKIPPED ON WEB","Yes","Male","30-44","White, non-Hispanic","HS graduate or equivalent","$30,000 to under $60,000","Metro Area"
579,1.2826121357,"Yes","Unsure","Yes","Yes","No","Yes","Unsure","Unsure","No","Unsure","Unsure","No","No","No","Yes","Unsure","Male","60+","White, non-Hispanic","Some college/ associates degree","$100,000 or more","Metro Area"
580,0.4234810722,"Yes","No","Yes","Yes","Yes","No","No","Yes","Yes","Yes","No","No","Yes","No","Yes","No","Female","60+","White, non-Hispanic","Some college/ associates degree","$60,000 to under $100,000","Metro Area"
581,4.534867931,"Yes","Yes","Yes","Yes","No","Yes","Yes","Yes","No","No","Yes","No","No","Yes","Yes","Unsure","Male","60+","Asian-Pacific Islander, non-Hispanic","HS graduate or equivalent","$100,000 or more","Metro Area"
582,0.6789415742,"Yes","No","Yes","Yes","No","Yes","Yes","Yes","No","Yes","No","No","No","No","Yes","No","Male","45-59","Other, non-Hispanic","Some college/ associates degree","$60,000 to under $100,000","Metro Area"
583,0.1595608721,"Yes","Yes","Yes","Yes","Unsure","Yes","Yes","Yes","Yes","Yes","Unsure","Yes","Yes","Unsure","Yes","Unsure","Male","30-44","White, non-Hispanic","Bachelor's degree","$100,000 or more","Metro Area"
584,2.9764733549,"Yes","Yes","Yes","Yes","Yes","Yes","Yes","Yes","Yes","Yes","Yes","Unsure","Yes","Yes","Yes","Yes","Female","60+","White, non-Hispanic","Post grad study/professional degree","Less than $30,000","Metro Area"
585,1.3450856914,"Yes","No","Yes","Yes","No","No","No","Yes","Yes","Yes","No","Unsure","Yes","Unsure","Yes","No","Female","60+","White, non-Hispanic","Post grad study/professional degree","$30,000 to under $60,000","Metro Area"
586,0.755743766,"Yes","Yes","Yes","Yes","Yes","Yes","No","Yes","No","Yes","No","Yes","Yes","No","Yes","Yes","Male","60+","White, non-Hispanic","Post grad study/professional degree","$100,000 or more","Metro Area"
587,0.9055502766,"Yes","Yes","Yes","Yes","Yes","Yes","Yes","Yes","Yes","Yes","Yes","Yes","Yes","Yes","Yes","Yes","Male","45-59","White, non-Hispanic","Bachelor's degree","$100,000 or more","Non-Metro Area"
588,1.7438310606,"Yes","No","Yes","Yes","No","Yes","Yes","Yes","No","Yes","Yes","No","No","No","Yes","Yes","Male","60+","White, non-Hispanic","Some college/ associates degree","Less than $30,000","Metro Area"
589,1.8970871981,"No","No","No","Yes","No","No","No","No","Yes","No","No","No","No","No","Yes","No","Female","60+","White, non-Hispanic","Bachelor's degree","Less than $30,000","Metro Area"
590,0.7940943,"Yes","No","Yes","Yes","No","No","No","No","No","No","No","No","No","No","Yes","No","Female","60+","White, non-Hispanic","HS graduate or equivalent","$30,000 to under $60,000","Metro Area"
591,1.078836883,"Yes","Yes","Yes","Yes","Unsure","Yes","Yes","Yes","Unsure","Yes","Yes","Unsure","Unsure","Yes","Yes","Yes","Female","45-59","White, non-Hispanic","Some college/ associates degree","$60,000 to under $100,000","Metro Area"
592,0.561939409,"Yes","Unsure","Yes","Yes","Unsure","Unsure","Unsure","Yes","No","Unsure","Unsure","Unsure","Yes","Unsure","Yes","Yes","Male","60+","White, non-Hispanic","HS graduate or equivalent","$30,000 to under $60,000","Metro Area"
593,3.5159471129,"Yes","No","Yes","Yes","No","Yes","No","No","Yes","No","No","No","Yes","No","Yes","No","Female","60+","White, non-Hispanic","HS graduate or equivalent","Less than $30,000","Non-Metro Area"
594,2.4142192216,"Yes","Yes","Yes","Yes","Yes","Yes","Yes","Yes","Yes","Yes","Unsure","Unsure","Yes","Yes","Yes","Yes","Male","45-59","White, non-Hispanic","Bachelor's degree","$100,000 or more","Metro Area"
595,0.942573697,"Yes","Yes","Yes","Yes","Yes","Yes","Yes","Yes","Yes","Yes","Yes","Yes","Yes","Yes","Yes","Yes","Male","45-59","White, non-Hispanic","Bachelor's degree","$60,000 to under $100,000","Metro Area"
596,0.2214451195,"Yes","Yes","Yes","Yes","No","Yes","Yes","Yes","No","Yes","Yes","Yes","No","No","Yes","Yes","Female","30-44","White, non-Hispanic","Bachelor's degree","$100,000 or more","Metro Area"
597,0.5497275158,"Yes","Yes","Yes","Yes","No","Yes","Yes","Yes","Yes","Yes","Yes","Yes","No","Yes","Yes","Yes","Male","18-29","Other, non-Hispanic","Some college/ associates degree","$60,000 to under $100,000","Metro Area"
598,1.9702747369,"Yes","Yes","Yes","Yes","No","Yes","Yes","Yes","No","SKIPPED ON WEB","Yes","No","Yes","Yes","Yes","No","Female","45-59","White, non-Hispanic","HS graduate or equivalent","Less than $30,000","Metro Area"
599,1.7573155056,"Yes","No","Yes","Yes","No","Unsure","Yes","Yes","No","Yes","No","No","Yes","No","Yes","No","Male","60+","Asian-Pacific Islander, non-Hispanic","Some college/ associates degree","Less than $30,000","Metro Area"
600,1.6195087021,"Yes","Yes","Yes","Yes","Yes","Yes","Yes","Yes","Yes","Yes","Yes","Yes","No","Unsure","Yes","Yes","Female","18-29","White, non-Hispanic","HS graduate or equivalent","$30,000 to under $60,000","Metro Area"
601,0.3269778051,"Yes","Yes","Yes","Yes","Yes","No","Yes","Yes","No","No","Yes","Yes","Yes","No","Yes","Yes","Male","30-44","White, non-Hispanic","Bachelor's degree","$100,000 or more","Metro Area"
602,0.2769417764,"Yes","Yes","Yes","Yes","No","Yes","Yes","Yes","Yes","SKIPPED ON WEB","SKIPPED ON WEB","SKIPPED ON WEB","No","No","Yes","Yes","Female","30-44","White, non-Hispanic","Bachelor's degree","Less than $30,000","Non-Metro Area"
603,1.1130064383,"Yes","Yes","Yes","Yes","Yes","Yes","Yes","Yes","Yes","Yes","Yes","Yes","Unsure","Yes","Yes","Yes","Male","60+","White, non-Hispanic","Post grad study/professional degree","$30,000 to under $60,000","Metro Area"
604,1.1205250053,"Yes","Yes","Yes","Yes","Yes","No","Yes","Yes","No","Yes","No","No","No","No","Yes","Yes","Female","60+","White, non-Hispanic","Bachelor's degree","$60,000 to under $100,000","Metro Area"
605,0.3024711442,"Yes","Yes","Yes","Yes","No","Yes","Yes","Yes","Yes","Yes","Yes","Yes","No","No","Yes","Yes","Female","30-44","White, non-Hispanic","Some college/ associates degree","$100,000 or more","Non-Metro Area"
606,2.5439467721,"Yes","No","No","Yes","No","No","No","No","No","Unsure","No","No","No","No","Yes","No","Female","60+","Other, non-Hispanic","Less than HS","$30,000 to under $60,000","Metro Area"
607,0.7779575058,"Yes","No","Yes","Yes","No","Yes","Yes","Yes","Yes","Yes","Yes","Yes","No","Yes","Yes","Yes","Female","45-59","White, non-Hispanic","Some college/ associates degree","$100,000 or more","Metro Area"
608,0.5620072163,"Yes","Unsure","Yes","Yes","Unsure","No","Yes","Yes","Yes","Yes","Yes","No","Unsure","Unsure","Yes","Yes","Female","45-59","White, non-Hispanic","Some college/ associates degree","$30,000 to under $60,000","Non-Metro Area"
609,0.3655637039,"Yes","No","Yes","Yes","No","Yes","No","No","No","No","No","No","No","No","Yes","No","Female","60+","White, non-Hispanic","Some college/ associates degree","$60,000 to under $100,000","Metro Area"
610,1.1186095897,"Yes","Yes","Yes","Yes","No","Unsure","Yes","Yes","Unsure","Yes","Unsure","Yes","Yes","Unsure","Yes","Yes","Female","30-44","White, non-Hispanic","Bachelor's degree","$100,000 or more","Metro Area"
611,2.2409749663,"Yes","No","Yes","Yes","No","Yes","No","No","No","No","No","No","No","No","Yes","No","Male","45-59","White, non-Hispanic","HS graduate or equivalent","$30,000 to under $60,000","Metro Area"
612,1.4099341717,"Yes","Yes","Yes","Yes","No","No","Yes","No","Yes","No","No","No","Yes","Yes","Yes","Yes","Male","60+","White, non-Hispanic","Bachelor's degree","$100,000 or more","Metro Area"
613,1.1855450709,"Yes","Yes","Yes","Yes","Yes","Yes","Yes","Yes","Yes","Yes","No","No","No","No","Yes","Yes","Male","30-44","White, non-Hispanic","Some college/ associates degree","Less than $30,000","Non-Metro Area"
614,2.0066168189,"SKIPPED ON WEB","SKIPPED ON WEB","SKIPPED ON WEB","SKIPPED ON WEB","SKIPPED ON WEB","SKIPPED ON WEB","SKIPPED ON WEB","SKIPPED ON WEB","SKIPPED ON WEB","SKIPPED ON WEB","SKIPPED ON WEB","SKIPPED ON WEB","SKIPPED ON WEB","SKIPPED ON WEB","SKIPPED ON WEB","SKIPPED ON WEB","Male","45-59","White, non-Hispanic","Post grad study/professional degree","$100,000 or more","Metro Area"
615,0.3417482998,"Yes","No","Yes","Yes","No","Yes","Yes","Yes","Yes","Yes","No","No","No","No","Yes","No","Female","30-44","White, non-Hispanic","Some college/ associates degree","$30,000 to under $60,000","Metro Area"
616,0.4076045686,"Yes","Yes","Yes","Yes","Yes","Yes","Yes","Yes","Unsure","Yes","Yes","Yes","Unsure","Yes","Yes","Yes","Male","60+","White, non-Hispanic","Some college/ associates degree","$30,000 to under $60,000","Non-Metro Area"
617,0.7632098072,"Yes","Yes","Yes","Yes","Unsure","Yes","Unsure","Yes","No","Unsure","Unsure","Unsure","No","No","Yes","No","Female","30-44","White, non-Hispanic","Post grad study/professional degree","$100,000 or more","Metro Area"
618,1.1391069146,"Yes","Yes","Yes","Yes","Yes","Yes","Yes","Yes","Yes","Yes","Yes","Yes","Yes","Yes","Yes","Yes","Female","30-44","Asian-Pacific Islander, non-Hispanic","Post grad study/professional degree","$100,000 or more","Metro Area"
619,0.5833466767,"No","No","Yes","Yes","No","No","No","No","Yes","No","No","No","No","No","Yes","No","Female","60+","White, non-Hispanic","Some college/ associates degree","Less than $30,000","Non-Metro Area"
620,0.4219514896,"Yes","No","Unsure","Yes","No","No","Yes","No","Yes","Unsure","No","No","Unsure","No","No","No","Male","60+","White, non-Hispanic","Some college/ associates degree","$30,000 to under $60,000","Non-Metro Area"
621,0.3850508525,"Yes","Yes","Yes","Yes","Yes","Yes","Yes","Yes","No","Yes","No","No","Yes","Yes","Yes","Yes","Male","30-44","White, non-Hispanic","Bachelor's degree","$100,000 or more","Metro Area"
622,1.7450766523,"Yes","Unsure","Yes","Yes","No","Yes","Unsure","Unsure","No","Unsure","Unsure","No","No","No","Yes","No","Male","60+","White, non-Hispanic","Bachelor's degree","$30,000 to under $60,000","Metro Area"
623,0.4811723284,"Yes","No","No","Yes","No","No","Yes","No","No","Yes","No","No","Yes","No","Yes","No","Female","30-44","Asian-Pacific Islander, non-Hispanic","Bachelor's degree","$100,000 or more","Metro Area"
624,0.2022634438,"Yes","Yes","Yes","Yes","No","No","Yes","No","Yes","No","Yes","Yes","No","No","Yes","Yes","Female","45-59","White, non-Hispanic","Some college/ associates degree","Less than $30,000","Non-Metro Area"
625,1.2354661007,"Yes","Yes","Yes","Yes","Yes","Yes","Yes","Yes","No","Yes","No","No","No","Yes","Yes","Yes","Female","60+","White, non-Hispanic","Bachelor's degree","$30,000 to under $60,000","Non-Metro Area"
626,0.2178202035,"Yes","Yes","Yes","Yes","Yes","Yes","Yes","Yes","Yes","Yes","Yes","Yes","Yes","Yes","Yes","Yes","Male","45-59","White, non-Hispanic","Bachelor's degree","$100,000 or more","Metro Area"
627,0.2332093749,"Yes","Yes","Yes","Yes","Yes","Yes","Yes","Yes","Yes","Yes","Yes","Yes","Yes","Yes","Yes","Yes","Male","30-44","White, non-Hispanic","Some college/ associates degree","Less than $30,000","Metro Area"
628,1.4004207946,"Yes","No","Unsure","Yes","No","No","No","No","No","No","No","No","No","No","No","No","Female","60+","White, non-Hispanic","HS graduate or equivalent","$30,000 to under $60,000","Metro Area"
629,1.3394740197,"Yes","Yes","Yes","Yes","Yes","Yes","Yes","Yes","Yes","Yes","Yes","Yes","Yes","Yes","Yes","Yes","Male","45-59","White, non-Hispanic","Bachelor's degree","$100,000 or more","Metro Area"
630,0.4805996575,"Yes","Yes","Yes","Yes","Yes","Yes","Yes","Yes","Yes","Yes","Yes","Yes","Yes","Yes","Yes","Yes","Male","45-59","White, non-Hispanic","Some college/ associates degree","$100,000 or more","Metro Area"
631,1.4110922949,"Yes","Yes","Yes","Yes","No","No","No","No","Yes","No","No","No","No","No","Yes","No","Male","30-44","White, non-Hispanic","HS graduate or equivalent","$100,000 or more","Metro Area"
632,0.7943794168,"Yes","No","Yes","Yes","No","No","Yes","Yes","Yes","Yes","Yes","No","SKIPPED ON WEB","SKIPPED ON WEB","SKIPPED ON WEB","SKIPPED ON WEB","Male","60+","White, non-Hispanic","HS graduate or equivalent","$100,000 or more","Non-Metro Area"
633,0.7048813634,"Yes","Unsure","Yes","Yes","Unsure","Yes","Yes","Yes","Yes","Yes","Yes","Yes","Unsure","Unsure","Yes","Unsure","Female","45-59","White, non-Hispanic","HS graduate or equivalent","$100,000 or more","Non-Metro Area"
634,1.5647890029,"Yes","Yes","Yes","Yes","Yes","Yes","Yes","Yes","Yes","Yes","Unsure","Unsure","Unsure","Unsure","Yes","Yes","Female","45-59","2+, non-Hispanic","Bachelor's degree","$100,000 or more","Metro Area"
635,1.5229691502,"Yes","No","Yes","Yes","No","No","No","No","No","No","No","No","No","No","Yes","No","Female","30-44","White, non-Hispanic","HS graduate or equivalent","$60,000 to under $100,000","Metro Area"
636,0.2560866921,"Yes","Yes","Yes","Yes","Yes","Yes","Yes","Yes","Yes","Yes","No","Yes","Unsure","Yes","Yes","Unsure","Male","30-44","White, non-Hispanic","Bachelor's degree","$30,000 to under $60,000","Metro Area"
637,0.2052207731,"Yes","No","Yes","Yes","No","Yes","Yes","No","No","No","No","No","No","No","Yes","No","Female","60+","White, non-Hispanic","Some college/ associates degree","$60,000 to under $100,000","Metro Area"
638,1.9669858631,"Yes","Yes","Yes","Yes","Unsure","No","Unsure","Unsure","Unsure","Unsure","Unsure","Unsure","Unsure","Unsure","Yes","Unsure","Female","45-59","White, non-Hispanic","Post grad study/professional degree","$100,000 or more","Metro Area"
639,0.1941390054,"Yes","Yes","Yes","Yes","Yes","Yes","Yes","Yes","Yes","Yes","No","No","Yes","Yes","SKIPPED ON WEB","No","Female","30-44","White, non-Hispanic","Bachelor's degree","$100,000 or more","Metro Area"
640,0.5430431672,"Yes","Yes","Yes","Yes","No","Yes","Yes","Yes","No","Yes","Yes","Yes","Yes","Yes","Yes","Yes","Male","30-44","White, non-Hispanic","Some college/ associates degree","$60,000 to under $100,000","Metro Area"
641,0.24691905,"Yes","Yes","Yes","Yes","Yes","Yes","Yes","Yes","No","Yes","Yes","No","Yes","No","Yes","Yes","Female","45-59","White, non-Hispanic","Bachelor's degree","Less than $30,000","Non-Metro Area"
642,1.2638156811,"Yes","Yes","Yes","Yes","No","Yes","Yes","Yes","Yes","Yes","Yes","Unsure","Yes","Yes","Yes","Yes","Female","30-44","White, non-Hispanic","Some college/ associates degree","$60,000 to under $100,000","Metro Area"
643,0.969648647,"No","Yes","Yes","No","Yes","Yes","No","Yes","Yes","Yes","No","No","Yes","No","Yes","Unsure","Female","60+","Asian-Pacific Islander, non-Hispanic","Some college/ associates degree","$100,000 or more","Metro Area"
644,0.3581724582,"Yes","No","Yes","Yes","No","Yes","No","Unsure","No","No","No","No","No","Yes","Yes","No","Male","60+","White, non-Hispanic","Some college/ associates degree","$30,000 to under $60,000","Non-Metro Area"
645,0.9291056213,"Yes","No","Yes","Yes","No","No","Unsure","Unsure","Yes","Unsure","No","No","No","No","Yes","No","Female","60+","White, non-Hispanic","Some college/ associates degree","$60,000 to under $100,000","Metro Area"
646,0.4441527305,"Yes","Yes","Yes","Yes","Unsure","Unsure","Yes","Unsure","No","Yes","Yes","Yes","No","No","Yes","No","Female","30-44","White, non-Hispanic","Post grad study/professional degree","$100,000 or more","Metro Area"
647,0.3317290209,"Yes","Unsure","Yes","Yes","No","Unsure","Yes","Unsure","Unsure","Unsure","Unsure","Unsure","Unsure","Unsure","Yes","Unsure","Female","60+","White, non-Hispanic","Some college/ associates degree","$30,000 to under $60,000","Non-Metro Area"
648,1.4394778392,"Yes","Yes","Yes","Yes","Unsure","Yes","Yes","Yes","No","Yes","Unsure","Unsure","No","Yes","Yes","Yes","Male","60+","White, non-Hispanic","Bachelor's degree","$60,000 to under $100,000","Metro Area"
649,0.6065399748,"Yes","Yes","Yes","Yes","No","No","No","Yes","No","Yes","No","No","No","Yes","Yes","No","Female","60+","White, non-Hispanic","Some college/ associates degree","$100,000 or more","Metro Area"
650,0.5454899487,"Yes","No","Yes","Yes","No","No","Yes","No","No","No","No","No","No","No","Yes","No","Female","60+","White, non-Hispanic","Post grad study/professional degree","$30,000 to under $60,000","Metro Area"
651,0.2719720247,"Yes","Yes","Yes","Yes","Yes","Yes","Yes","Yes","Yes","Yes","Yes","Yes","No","No","Yes","Yes","Female","30-44","White, non-Hispanic","Bachelor's degree","$30,000 to under $60,000","Non-Metro Area"
652,0.8186130262,"Yes","Yes","Yes","Yes","No","Yes","Yes","Yes","No","Yes","Yes","No","No","No","Yes","No","Male","45-59","White, non-Hispanic","Some college/ associates degree","$60,000 to under $100,000","Metro Area"
653,2.9711301836,"Yes","Unsure","Yes","Yes","No","No","Yes","Yes","Unsure","Yes","Unsure","Unsure","No","Unsure","Yes","Unsure","Male","60+","White, non-Hispanic","HS graduate or equivalent","$30,000 to under $60,000","Metro Area"
654,1.0666574375,"Yes","Yes","Yes","Yes","Yes","Yes","Yes","Yes","Yes","Yes","Yes","Yes","No","Yes","Yes","Yes","Female","30-44","White, non-Hispanic","Some college/ associates degree","$60,000 to under $100,000","Metro Area"
655,0.6990656453,"Yes","Yes","Yes","Yes","Unsure","Yes","Unsure","Yes","Yes","Unsure","Unsure","Unsure","Yes","Unsure","Yes","Yes","Male","30-44","White, non-Hispanic","Bachelor's degree","$30,000 to under $60,000","Metro Area"
656,1.7092295174,"Yes","Yes","Yes","Yes","No","Yes","Yes","Yes","Yes","Yes","Yes","Yes","No","No","Yes","Yes","Male","60+","White, non-Hispanic","Post grad study/professional degree","$100,000 or more","Non-Metro Area"
657,0.553806627,"Yes","No","Yes","Yes","No","No","Yes","Yes","Yes","No","No","No","No","No","Yes","No","Male","60+","White, non-Hispanic","Some college/ associates degree","$30,000 to under $60,000","Metro Area"
658,0.5727475781,"Yes","Yes","Yes","Yes","Yes","Yes","Yes","Yes","SKIPPED ON WEB","SKIPPED ON WEB","SKIPPED ON WEB","SKIPPED ON WEB","Yes","Yes","Yes","Yes","Female","30-44","White, non-Hispanic","Post grad study/professional degree","$100,000 or more","Non-Metro Area"
659,0.884617674,"Yes","Unsure","Yes","Yes","Unsure","Unsure","Unsure","Unsure","No","Yes","No","No","Unsure","No","Yes","Unsure","Female","60+","Asian-Pacific Islander, non-Hispanic","Some college/ associates degree","$30,000 to under $60,000","Metro Area"
660,0.6399666129,"Yes","Yes","Yes","Yes","No","Yes","Yes","Yes","Yes","Yes","No","No","Yes","Yes","Yes","Yes","Female","30-44","White, non-Hispanic","Bachelor's degree","$100,000 or more","Metro Area"
661,0.3879321782,"Yes","No","Yes","Yes","No","Unsure","Yes","Yes","Yes","Yes","Yes","Unsure","No","Unsure","Yes","Unsure","Male","60+","White, non-Hispanic","Some college/ associates degree","$30,000 to under $60,000","Metro Area"
662,1.081010063,"Yes","Yes","Yes","Yes","No","Yes","Yes","Yes","Yes","Yes","No","No","No","No","Yes","No","Female","30-44","White, non-Hispanic","Less than HS","$60,000 to under $100,000","Metro Area"
663,2.702557387,"Yes","Yes","Yes","Yes","Unsure","Unsure","Yes","Yes","Yes","Yes","Yes","Unsure","Unsure","Unsure","Yes","Yes","Female","60+","White, non-Hispanic","Bachelor's degree","Less than $30,000","Metro Area"
664,0.9553842919,"Yes","Yes","Yes","Yes","Unsure","Yes","Yes","Unsure","No","Yes","Yes","Yes","Yes","No","Yes","Yes","Female","45-59","White, non-Hispanic","Bachelor's degree","$100,000 or more","Metro Area"
665,0.4929352612,"Yes","No","Yes","Yes","No","No","Yes","Yes","No","Yes","No","No","No","No","Yes","No","Female","60+","White, non-Hispanic","Bachelor's degree","$100,000 or more","Non-Metro Area"
666,0.7423338085,"Yes","Yes","Yes","Yes","Yes","Yes","Yes","Yes","Yes","Yes","Yes","Yes","Yes","Yes","Yes","Yes","Female","45-59","White, non-Hispanic","Some college/ associates degree","$30,000 to under $60,000","Metro Area"
667,0.3986335877,"Yes","No","Yes","Yes","Yes","Yes","Yes","Yes","Yes","Yes","Yes","Yes","Unsure","Yes","No","Unsure","Male","30-44","White, non-Hispanic","Some college/ associates degree","Less than $30,000","Non-Metro Area"
668,0.7768254766,"Yes","Yes","Yes","Yes","No","No","Yes","Yes","No","Yes","Yes","Yes","Yes","No","Yes","Yes","Female","30-44","White, non-Hispanic","Post grad study/professional degree","$60,000 to under $100,000","Metro Area"
669,0.186664216,"Yes","No","Yes","Yes","No","Yes","Yes","No","Yes","Yes","No","Unsure","Yes","Yes","Yes","No","Female","60+","White, non-Hispanic","Some college/ associates degree","$100,000 or more","Metro Area"
670,0.6334349899,"Yes","Yes","Yes","Yes","Yes","Yes","Yes","Yes","Yes","Yes","No","No","Yes","No","Yes","Yes","Female","30-44","White, non-Hispanic","Post grad study/professional degree","$100,000 or more","Non-Metro Area"
671,1.6104372591,"Yes","Yes","Yes","Yes","Yes","Yes","Yes","Yes","No","Yes","Yes","No","Yes","Unsure","Yes","Unsure","Female","60+","White, non-Hispanic","Post grad study/professional degree","$100,000 or more","Metro Area"
672,0.3902375971,"Yes","Yes","Yes","Yes","Yes","Yes","Yes","No","Yes","No","No","No","No","No","Yes","No","Female","30-44","Other, non-Hispanic","Some college/ associates degree","$60,000 to under $100,000","Metro Area"
673,1.0064731267,"Yes","Yes","Yes","Yes","Yes","Yes","Yes","Yes","Unsure","Yes","Yes","Unsure","Unsure","Yes","Yes","Yes","Female","60+","White, non-Hispanic","Bachelor's degree","$100,000 or more","Metro Area"
674,2.5814601431,"Yes","No","No","Yes","No","No","Yes","No","Yes","No","No","No","No","No","Yes","No","Female","45-59","White, non-Hispanic","HS graduate or equivalent","Less than $30,000","Metro Area"
675,0.9527969372,"Yes","Yes","Yes","Yes","Yes","Yes","Yes","Yes","Yes","Yes","Yes","Unsure","Unsure","Yes","Yes","Yes","Male","60+","White, non-Hispanic","Some college/ associates degree","$30,000 to under $60,000","Metro Area"
676,1.007348646,"No","Unsure","Yes","Yes","No","Unsure","No","Unsure","No","Unsure","Unsure","Unsure","No","No","Yes","Unsure","Female","30-44","White, non-Hispanic","Some college/ associates degree","Less than $30,000","Metro Area"
677,0.1872200423,"Yes","No","Yes","Yes","No","Yes","Yes","Yes","Yes","Yes","Yes","Yes","Yes","Yes","Yes","Yes","Female","60+","White, non-Hispanic","Some college/ associates degree","$30,000 to under $60,000","Metro Area"
678,1.9086832311,"No","No","Yes","Yes","No","Yes","No","No","No","No","No","No","No","No","Yes","No","Male","60+","White, non-Hispanic","HS graduate or equivalent","$60,000 to under $100,000","Metro Area"
679,1.4505765212,"Yes","Yes","Yes","Yes","No","Yes","No","Yes","No","No","No","No","No","No","Yes","Yes","Male","30-44","White, non-Hispanic","HS graduate or equivalent","Less than $30,000","Metro Area"
680,1.2181131938,"Yes","Yes","Yes","Yes","No","Yes","Yes","Yes","No","Yes","No","No","Yes","Yes","Yes","Yes","Female","30-44","Asian-Pacific Islander, non-Hispanic","Post grad study/professional degree","$100,000 or more","Metro Area"
681,0.3797874626,"Yes","Yes","Yes","Yes","No","No","Yes","Yes","No","Yes","Yes","No","Unsure","No","Yes","Yes","Female","45-59","White, non-Hispanic","Post grad study/professional degree","$30,000 to under $60,000","Metro Area"
682,0.1330881381,"Yes","Yes","Yes","Yes","Yes","No","Yes","Yes","Yes","Yes","Yes","Yes","No","Yes","Yes","Yes","Female","30-44","White, non-Hispanic","Post grad study/professional degree","$100,000 or more","Metro Area"
683,1.3434679416,"Yes","Yes","Yes","Yes","Yes","Yes","Yes","Yes","Yes","Yes","Yes","Yes","Yes","Yes","Yes","Yes","Male","45-59","White, non-Hispanic","Bachelor's degree","$100,000 or more","Metro Area"
684,1.4761316693,"Yes","No","Yes","Yes","No","No","No","No","No","No","No","No","No","No","Yes","No","Female","60+","White, non-Hispanic","Post grad study/professional degree","$60,000 to under $100,000","Non-Metro Area"
685,1.2112870516,"Yes","Unsure","Yes","Yes","No","No","Yes","Unsure","No","No","No","No","No","No","Yes","No","Male","30-44","White, non-Hispanic","HS graduate or equivalent","$30,000 to under $60,000","Non-Metro Area"
686,1.4334649143,"Yes","Yes","Yes","Yes","Unsure","Unsure","Unsure","Unsure","No","Unsure","Unsure","Unsure","Unsure","Unsure","Yes","Unsure","Male","60+","White, non-Hispanic","HS graduate or equivalent","$30,000 to under $60,000","Metro Area"
687,1.0889888819,"No","No","No","No","No","No","Yes","No","No","No","No","No","No","No","No","No","Male","30-44","White, non-Hispanic","HS graduate or equivalent","Less than $30,000","Metro Area"
688,0.7979943207,"Yes","Yes","Yes","Yes","No","Yes","No","No","No","Yes","No","No","No","No","Yes","No","Male","45-59","White, non-Hispanic","Post grad study/professional degree","$100,000 or more","Metro Area"
689,0.8913396021,"Yes","Yes","Yes","Yes","No","Yes","Yes","Yes","Yes","Yes","Unsure","Unsure","Yes","No","Yes","Yes","Female","45-59","White, non-Hispanic","Some college/ associates degree","$100,000 or more","Metro Area"
690,0.3296760051,"Yes","Yes","Yes","Yes","Yes","Yes","Yes","Yes","Unsure","Yes","Yes","Unsure","Unsure","Yes","Yes","Yes","Female","60+","White, non-Hispanic","Some college/ associates degree","$100,000 or more","Metro Area"
691,1.0983152775,"Yes","Yes","Yes","Yes","Unsure","No","Yes","Yes","Unsure","Yes","Yes","Yes","No","Unsure","Yes","Yes","Female","30-44","Asian-Pacific Islander, non-Hispanic","Post grad study/professional degree","$60,000 to under $100,000","Metro Area"
692,1.0268760188,"Yes","Yes","Yes","Yes","No","No","No","No","No","No","No","No","No","No","No","No","Female","30-44","White, non-Hispanic","HS graduate or equivalent","$30,000 to under $60,000","Metro Area"
693,0.2534036958,"Yes","Yes","Yes","Yes","Yes","Yes","Yes","Yes","Yes","Yes","Yes","Yes","Yes","Yes","Yes","Yes","Male","30-44","White, non-Hispanic","Some college/ associates degree","$60,000 to under $100,000","Metro Area"
694,1.4659458213,"Yes","Yes","Yes","Yes","Yes","Yes","Yes","Yes","Yes","Yes","Yes","Yes","Yes","Yes","Yes","Yes","Female","60+","White, non-Hispanic","Post grad study/professional degree","$100,000 or more","Metro Area"
695,0.2178534005,"Yes","No","Yes","Yes","No","Yes","No","Yes","No","Yes","No","No","No","No","No","No","Male","60+","White, non-Hispanic","Bachelor's degree","$30,000 to under $60,000","Non-Metro Area"
696,0.9036776893,"Yes","Unsure","Yes","Yes","No","Unsure","Yes","Yes","Yes","Unsure","No","No","Yes","No","Yes","No","Male","30-44","White, non-Hispanic","HS graduate or equivalent","$60,000 to under $100,000","Metro Area"
697,0.6087719998,"Yes","Yes","Yes","Yes","Unsure","Unsure","Yes","Yes","Yes","Yes","Unsure","Unsure","Yes","Yes","Yes","Yes","Male","30-44","White, non-Hispanic","HS graduate or equivalent","$60,000 to under $100,000","Metro Area"
698,0.1533189738,"Yes","Yes","Yes","Yes","Yes","Yes","Yes","Yes","No","Yes","No","No","No","Yes","Yes","No","Male","45-59","Hispanic","Some college/ associates degree","$30,000 to under $60,000","Metro Area"
699,0.2713715754,"Yes","No","Yes","Yes","No","Yes","No","Yes","No","No","Yes","Yes","No","Yes","No","Yes","Male","30-44","Hispanic","HS graduate or equivalent","$100,000 or more","Metro Area"
700,2.3849152993,"Yes","Yes","Yes","Yes","Yes","Yes","Yes","Yes","No","Yes","Unsure","Unsure","Yes","Yes","Yes","Yes","Male","18-29","White, non-Hispanic","HS graduate or equivalent","$30,000 to under $60,000","Metro Area"
701,0.7637687376,"No","No","No","No","No","No","No","No","No","No","No","No","No","No","No","No","Male","30-44","Hispanic","HS graduate or equivalent","Less than $30,000","Metro Area"
702,0.250193646,"Yes","Yes","Yes","Yes","No","No","Yes","Yes","No","Yes","Yes","Yes","No","Yes","Yes","Yes","Male","18-29","Black, non-Hispanic","Some college/ associates degree","$100,000 or more","Metro Area"
703,1.0849078935,"Yes","Yes","Yes","Yes","No","No","Yes","Yes","No","Yes","No","No","Unsure","No","Yes","Unsure","Female","30-44","Hispanic","Bachelor's degree","$30,000 to under $60,000","Metro Area"
704,2.7922347041,"Yes","No","Yes","Yes","No","No","No","No","No","Yes","No","No","No","Yes","Yes","No","Male","60+","Hispanic","Some college/ associates degree","$60,000 to under $100,000","Metro Area"
705,0.5652641842,"Yes","No","No","Yes","No","No","No","No","No","No","No","No","No","No","No","No","Male","18-29","Black, non-Hispanic","HS graduate or equivalent","$30,000 to under $60,000","Non-Metro Area"
706,0.1843390614,"Yes","Yes","Yes","Yes","No","Yes","Yes","Yes","Yes","Yes","Yes","Yes","Unsure","Yes","Yes","Yes","Male","18-29","Black, non-Hispanic","Some college/ associates degree","Less than $30,000","Metro Area"
707,1.6371432715,"Yes","Yes","Yes","Yes","No","No","Yes","Yes","No","Yes","Yes","Yes","No","No","Yes","Yes","Male","18-29","White, non-Hispanic","Some college/ associates degree","Less than $30,000","Metro Area"
708,0.1606400402,"No","No","No","No","Yes","Yes","No","Yes","No","Yes","Yes","Yes","No","No","Yes","No","Female","45-59","Hispanic","HS graduate or equivalent","Less than $30,000","Metro Area"
709,0.5563231215,"Yes","Yes","Yes","Yes","Yes","Yes","Yes","No","Yes","Yes","Yes","Yes","Yes","Yes","Yes","Yes","Female","30-44","Black, non-Hispanic","Some college/ associates degree","Less than $30,000","Metro Area"
710,1.2782756213,"Yes","No","Yes","Yes","No","No","No","Yes","No","No","No","No","Unsure","Yes","SKIPPED ON WEB","SKIPPED ON WEB","Male","18-29","Hispanic","HS graduate or equivalent","Less than $30,000","Metro Area"
711,1.8009019309,"Yes","Yes","No","Yes","No","No","Yes","Yes","No","Yes","No","No","Yes","No","Yes","Yes","Male","18-29","2+, non-Hispanic","Some college/ associates degree","Less than $30,000","Metro Area"
712,1.687974476,"Yes","Yes","Yes","Yes","No","Yes","Yes","Yes","Yes","Yes","Yes","Yes","Yes","Yes","Yes","Yes","Male","45-59","Hispanic","Bachelor's degree","$60,000 to under $100,000","Metro Area"
713,0.8108240597,"Yes","Yes","Yes","Yes","No","No","Yes","Yes","Yes","Yes","No","No","No","No","Yes","Yes","Male","45-59","White, non-Hispanic","Bachelor's degree","$100,000 or more","Metro Area"
714,0.4268382576,"Yes","Yes","Yes","Yes","Yes","Yes","Yes","Yes","Yes","Yes","Yes","Yes","Yes","Yes","Yes","Yes","Male","18-29","White, non-Hispanic","Bachelor's degree","Less than $30,000","Metro Area"
715,0.1219915869,"Yes","Yes","Yes","Yes","Yes","Yes","Yes","Yes","Unsure","No","Yes","Unsure","Unsure","No","Yes","Yes","Female","45-59","Black, non-Hispanic","Some college/ associates degree","$30,000 to under $60,000","Metro Area"
716,0.7008848127,"Yes","Yes","Yes","Yes","No","Yes","Yes","Yes","Yes","Yes","Yes","Yes","Yes","Unsure","Yes","Yes","Female","18-29","White, non-Hispanic","Bachelor's degree","$100,000 or more","Metro Area"
717,0.1788501804,"Yes","Unsure","Yes","Yes","No","No","Yes","No","No","No","No","No","No","No","Yes","No","Female","30-44","Hispanic","Some college/ associates degree","$30,000 to under $60,000","Metro Area"
718,2.6490429976,"Yes","No","Yes","Yes","No","Yes","Yes","Yes","Yes","Yes","No","No","No","Yes","Yes","Yes","Male","18-29","Hispanic","Less than HS","Less than $30,000","Metro Area"
719,1.3583824162,"Yes","Yes","Yes","Yes","No","No","Yes","Yes","Yes","Yes","Yes","Yes","No","No","Yes","Yes","Female","30-44","Hispanic","Some college/ associates degree","$60,000 to under $100,000","Metro Area"
720,0.2285532178,"Yes","Yes","Yes","Yes","Yes","Yes","Yes","Yes","Yes","Yes","Yes","Yes","Yes","Yes","Yes","Yes","Male","45-59","Hispanic","Some college/ associates degree","$100,000 or more","Metro Area"
721,0.5171105503,"Yes","Yes","Yes","Yes","Unsure","Yes","Yes","Unsure","Yes","Yes","Yes","Yes","Yes","Yes","Yes","Yes","Female","30-44","Black, non-Hispanic","Some college/ associates degree","$30,000 to under $60,000","Metro Area"
722,0.3323023063,"Yes","No","Yes","Yes","No","No","No","Yes","No","Yes","Yes","No","Unsure","No","Yes","No","Female","60+","Hispanic","Some college/ associates degree","Less than $30,000","Metro Area"
723,0.0664612804,"Yes","Yes","Yes","Yes","No","Unsure","Yes","No","Yes","Yes","No","No","No","No","Yes","No","Male","30-44","Hispanic","Some college/ associates degree","$60,000 to under $100,000","Metro Area"
724,3.9810002929,"SKIPPED ON WEB","SKIPPED ON WEB","SKIPPED ON WEB","SKIPPED ON WEB","SKIPPED ON WEB","SKIPPED ON WEB","SKIPPED ON WEB","SKIPPED ON WEB","SKIPPED ON WEB","SKIPPED ON WEB","SKIPPED ON WEB","SKIPPED ON WEB","SKIPPED ON WEB","SKIPPED ON WEB","SKIPPED ON WEB","SKIPPED ON WEB","Male","18-29","White, non-Hispanic","Less than HS","$100,000 or more","Metro Area"
725,0.6578366755,"Yes","Yes","Yes","Yes","Unsure","Yes","Yes","Yes","Yes","Yes","Yes","Yes","Unsure","Unsure","Yes","Yes","Male","30-44","Hispanic","Some college/ associates degree","$30,000 to under $60,000","Metro Area"
726,0.6567237389,"Yes","Yes","Yes","Yes","No","Yes","Yes","Yes","Yes","Yes","Yes","Yes","Yes","Yes","Yes","Yes","Male","45-59","Black, non-Hispanic","Post grad study/professional degree","$100,000 or more","Metro Area"
727,1.2203167983,"No","No","No","Unsure","Yes","Yes","No","Unsure","No","No","Yes","Yes","Unsure","No","No","Yes","Female","30-44","Black, non-Hispanic","HS graduate or equivalent","$30,000 to under $60,000","Metro Area"
728,1.2894342834,"Yes","Yes","Yes","Yes","No","Yes","Yes","Yes","Unsure","Unsure","No","Yes","Unsure","Unsure","Yes","Yes","Male","18-29","Hispanic","Some college/ associates degree","$30,000 to under $60,000","Metro Area"
729,1.478343107,"Yes","Yes","Yes","Yes","No","Yes","Yes","Yes","No","Yes","No","No","Unsure","Unsure","Yes","Yes","Female","18-29","Hispanic","Some college/ associates degree","$30,000 to under $60,000","Metro Area"
730,0.3920418268,"No","No","No","No","No","No","No","No","No","No","No","No","No","No","No","No","Female","18-29","2+, non-Hispanic","Some college/ associates degree","Less than $30,000","Metro Area"
731,0.264391519,"Yes","Yes","Yes","Yes","Unsure","Unsure","Yes","Yes","Unsure","Unsure","Unsure","Unsure","Yes","Unsure","Yes","Unsure","Male","30-44","Hispanic","HS graduate or equivalent","$100,000 or more","Metro Area"
732,2.1358923494,"Yes","Yes","Yes","Yes","No","No","Yes","Yes","No","Yes","No","No","No","No","Yes","No","Male","18-29","Hispanic","Less than HS","$60,000 to under $100,000","Metro Area"
733,0.6549726124,"Yes","Yes","Yes","Yes","Yes","Yes","Yes","Yes","Yes","No","Yes","No","Yes","No","Yes","Yes","Female","18-29","White, non-Hispanic","Some college/ associates degree","$100,000 or more","Metro Area"
734,0.8961333499,"Yes","Yes","Yes","Yes","Yes","Yes","Yes","Yes","Yes","Yes","Yes","Yes","Yes","Yes","Yes","Yes","Male","18-29","Asian-Pacific Islander, non-Hispanic","Bachelor's degree","$100,000 or more","Metro Area"
735,1.3867138562,"Yes","Yes","Yes","Yes","No","No","Yes","Yes","Yes","Yes","Yes","SKIPPED ON WEB","Yes","No","Yes","Yes","Female","30-44","Black, non-Hispanic","Post grad study/professional degree","$60,000 to under $100,000","Metro Area"
736,1.6222957181,"No","No","No","Yes","No","No","No","No","No","No","No","No","No","No","No","No","Female","60+","Black, non-Hispanic","HS graduate or equivalent","$30,000 to under $60,000","Metro Area"
737,0.6895528138,"Yes","Yes","Yes","Yes","Unsure","Unsure","Yes","Yes","Unsure","Yes","No","No","Yes","Unsure","Yes","No","Male","30-44","Hispanic","Bachelor's degree","$60,000 to under $100,000","Metro Area"
738,0.1824410972,"Unsure","Unsure","Unsure","Unsure","Unsure","Unsure","Unsure","Unsure","Unsure","Unsure","Unsure","Unsure","Unsure","Unsure","Unsure","Unsure","Female","45-59","Hispanic","Less than HS","Less than $30,000","Metro Area"
739,0.4331803788,"Yes","Yes","Yes","Yes","Yes","Unsure","No","Unsure","No","Yes","No","No","No","No","Yes","Yes","Male","60+","Black, non-Hispanic","Post grad study/professional degree","$60,000 to under $100,000","Metro Area"
740,1.2304073428,"Yes","Yes","Yes","Yes","No","Unsure","Yes","Yes","No","No","No","No","No","No","Yes","Yes","Female","30-44","Hispanic","Some college/ associates degree","$30,000 to under $60,000","Metro Area"
741,0.3801814773,"Yes","Yes","Yes","Yes","Yes","Yes","Yes","Yes","Yes","Yes","Yes","Yes","Yes","Yes","Yes","Yes","Male","18-29","White, non-Hispanic","Some college/ associates degree","$60,000 to under $100,000","Metro Area"
742,0.4798660616,"Yes","Yes","Yes","Yes","No","Unsure","Yes","Yes","Unsure","Unsure","No","No","No","No","Yes","Yes","Female","30-44","Hispanic","Post grad study/professional degree","$100,000 or more","Metro Area"
743,2.27420388,"Yes","Yes","Yes","Yes","Yes","No","Yes","No","No","No","No","Unsure","Yes","Yes","Yes","Yes","Male","18-29","White, non-Hispanic","Some college/ associates degree","$30,000 to under $60,000","Metro Area"
744,0.0597829271,"Yes","Yes","Yes","Yes","SKIPPED ON WEB","SKIPPED ON WEB","SKIPPED ON WEB","SKIPPED ON WEB","Yes","Yes","Yes","Yes","Yes","No","Yes","Yes","Male","45-59","Other, non-Hispanic","Some college/ associates degree","Less than $30,000","Metro Area"
745,1.1442916508,"No","No","No","No","No","No","No","No","No","No","No","No","No","No","No","No","Male","18-29","Black, non-Hispanic","HS graduate or equivalent","Less than $30,000","Non-Metro Area"
746,0.7570072263,"Yes","Yes","Yes","Yes","No","Yes","Yes","Yes","Yes","Yes","Yes","Yes","Unsure","Unsure","Yes","Yes","Male","18-29","Black, non-Hispanic","Some college/ associates degree","$30,000 to under $60,000","Metro Area"
747,0.7946402726,"Yes","No","No","No","No","No","SKIPPED ON WEB","No","Yes","Yes","No","No","No","Yes","No","No","Male","45-59","Black, non-Hispanic","HS graduate or equivalent","$100,000 or more","Metro Area"
748,3.551047259,"Yes","Yes","Yes","Yes","No","Yes","Yes","Yes","Yes","Yes","No","No","Yes","No","Yes","Yes","Female","18-29","White, non-Hispanic","HS graduate or equivalent","Less than $30,000","Metro Area"
749,0.2666067898,"Yes","Yes","Yes","Yes","No","Yes","No","No","No","No","No","No","No","No","Yes","No","Male","18-29","Hispanic","Less than HS","$100,000 or more","Metro Area"
750,1.0656663577,"Yes","Yes","Yes","Yes","No","Yes","Yes","Yes","Yes","Yes","Yes","Yes","Yes","Yes","Yes","Yes","Male","30-44","Black, non-Hispanic","Some college/ associates degree","$30,000 to under $60,000","Metro Area"
751,1.1222388753,"Yes","Unsure","Yes","Yes","No","No","No","Unsure","Yes","Unsure","No","No","Unsure","No","Yes","Unsure","Female","60+","Black, non-Hispanic","Some college/ associates degree","Less than $30,000","Metro Area"
752,1.6575816954,"Yes","Yes","Yes","Yes","No","No","Yes","Yes","Yes","No","Yes","Yes","No","No","Yes","Yes","Female","30-44","Hispanic","Post grad study/professional degree","$30,000 to under $60,000","Metro Area"
753,0.1039429182,"Yes","No","Yes","Yes","No","Yes","Yes","Yes","No","No","No","No","No","No","Yes","Yes","Female","45-59","Black, non-Hispanic","Some college/ associates degree","$30,000 to under $60,000","Metro Area"
754,0.8133544333,"Yes","Yes","Yes","Yes","No","No","No","Yes","Unsure","Yes","Yes","No","No","No","Yes","Yes","Male","18-29","Hispanic","Some college/ associates degree","Less than $30,000","Metro Area"
755,0.7781830921,"Yes","Yes","Yes","Yes","Yes","Yes","Yes","Yes","Yes","Yes","Yes","Yes","Yes","Yes","Yes","Yes","Female","18-29","2+, non-Hispanic","Post grad study/professional degree","$100,000 or more","Metro Area"
756,1.9473784231,"Yes","Yes","Yes","Yes","No","No","Yes","No","Yes","No","No","No","No","No","Yes","No","Male","18-29","White, non-Hispanic","HS graduate or equivalent","$30,000 to under $60,000","Metro Area"
757,0.7802870307,"No","No","No","No","No","No","No","No","No","No","No","No","No","No","No","No","Male","60+","Hispanic","Some college/ associates degree","Less than $30,000","Non-Metro Area"
758,2.4823251099,"Yes","Yes","Yes","Yes","Unsure","Yes","Yes","Yes","Yes","Yes","No","No","Yes","No","Yes","No","Male","60+","Hispanic","Post grad study/professional degree","$100,000 or more","Metro Area"
759,0.2062473184,"Yes","Yes","Yes","Yes","No","Yes","Yes","Yes","No","Yes","No","No","No","No","Yes","Yes","Female","30-44","Hispanic","Some college/ associates degree","$30,000 to under $60,000","Metro Area"
760,0.7760283278,"Yes","Yes","Yes","Yes","No","Yes","Yes","Unsure","Yes","Yes","No","No","No","Yes","Yes","No","Male","45-59","Black, non-Hispanic","Some college/ associates degree","$30,000 to under $60,000","Metro Area"
761,0.6358400746,"Yes","Yes","Yes","Yes","Yes","Yes","Yes","Yes","Yes","Yes","Yes","Yes","Yes","Yes","Yes","Yes","Male","45-59","White, non-Hispanic","Some college/ associates degree","$30,000 to under $60,000","Non-Metro Area"
762,2.5675592239,"Yes","Yes","Yes","Yes","Yes","Yes","Yes","Yes","Unsure","Yes","Yes","Unsure","Yes","Yes","Yes","Yes","Male","18-29","White, non-Hispanic","Less than HS","$100,000 or more","Metro Area"
763,0.2462371982,"No","No","No","No","No","No","No","No","No","SKIPPED ON WEB","SKIPPED ON WEB","SKIPPED ON WEB","SKIPPED ON WEB","SKIPPED ON WEB","SKIPPED ON WEB","SKIPPED ON WEB","Female","30-44","Hispanic","HS graduate or equivalent","Less than $30,000","Metro Area"
764,0.9780322196,"Yes","Yes","Yes","Yes","Yes","Yes","Yes","Yes","Yes","Yes","Yes","Yes","Yes","Yes","Yes","Yes","Male","18-29","White, non-Hispanic","Bachelor's degree","$100,000 or more","Metro Area"
765,0.6598338861,"Yes","Yes","Yes","Yes","Unsure","Yes","Unsure","Unsure","Yes","No","Yes","Unsure","No","Yes","Yes","No","Male","60+","Black, non-Hispanic","Some college/ associates degree","$30,000 to under $60,000","Metro Area"
766,1.00232509,"Yes","Yes","No","Yes","No","No","Yes","Yes","No","Yes","No","No","No","Yes","Yes","Yes","Female","30-44","Hispanic","Some college/ associates degree","$60,000 to under $100,000","Metro Area"
767,2.1688423021,"Yes","Yes","Yes","Yes","Yes","Yes","Yes","Yes","Yes","Yes","Yes","Yes","Unsure","Yes","Yes","Yes","Male","18-29","White, non-Hispanic","Some college/ associates degree","$60,000 to under $100,000","Metro Area"
768,1.2014265002,"Yes","Yes","Yes","Yes","No","No","Yes","Yes","No","Yes","No","No","No","No","Yes","Yes","Female","45-59","Black, non-Hispanic","Post grad study/professional degree","$60,000 to under $100,000","Non-Metro Area"
769,0.3682724849,"SKIPPED ON WEB","SKIPPED ON WEB","SKIPPED ON WEB","SKIPPED ON WEB","SKIPPED ON WEB","SKIPPED ON WEB","SKIPPED ON WEB","SKIPPED ON WEB","SKIPPED ON WEB","SKIPPED ON WEB","SKIPPED ON WEB","SKIPPED ON WEB","SKIPPED ON WEB","SKIPPED ON WEB","SKIPPED ON WEB","SKIPPED ON WEB","Male","30-44","White, non-Hispanic","Some college/ associates degree","Less than $30,000","Metro Area"
770,2.6472761852,"Yes","Yes","Yes","Yes","Yes","Yes","Yes","Yes","Yes","Yes","Yes","Yes","Yes","Yes","SKIPPED ON WEB","SKIPPED ON WEB","Female","18-29","White, non-Hispanic","Less than HS","$100,000 or more","Metro Area"
771,0.8135860208,"Yes","Yes","Yes","Yes","Unsure","Yes","Yes","Yes","Yes","Yes","Yes","Yes","Unsure","No","Yes","No","Male","45-59","White, non-Hispanic","Post grad study/professional degree","$60,000 to under $100,000","Metro Area"
772,0.3482508971,"No","No","Yes","Yes","No","No","Yes","No","No","No","No","No","No","No","Yes","No","Male","30-44","Hispanic","Some college/ associates degree","$100,000 or more","Metro Area"
773,0.7795448541,"Yes","Yes","Yes","Yes","No","No","Yes","Yes","Yes","Yes","Yes","Yes","Yes","No","Unsure","Yes","Male","30-44","Black, non-Hispanic","HS graduate or equivalent","$30,000 to under $60,000","Metro Area"
774,0.3620628436,"Yes","Yes","Yes","Yes","Yes","Yes","Yes","Yes","Yes","Yes","Yes","Yes","Yes","Yes","Yes","Yes","Male","45-59","Hispanic","Some college/ associates degree","Less than $30,000","Metro Area"
775,0.8840226546,"Yes","Yes","Yes","Yes","Unsure","Yes","Yes","Unsure","Yes","Yes","Unsure","Yes","Yes","No","Yes","Yes","Male","18-29","Asian-Pacific Islander, non-Hispanic","Some college/ associates degree","$30,000 to under $60,000","Metro Area"
776,1.4550555887,"Yes","Yes","Yes","Yes","Yes","No","Yes","Yes","Yes","Yes","No","No","No","No","Yes","Yes","Female","18-29","Hispanic","HS graduate or equivalent","$100,000 or more","Metro Area"
777,0.6830046155,"Yes","Yes","Yes","Yes","No","Yes","No","Yes","No","Yes","No","Yes","No","No","Yes","Yes","Female","18-29","White, non-Hispanic","Post grad study/professional degree","$60,000 to under $100,000","Metro Area"
778,1.1964134857,"Yes","Yes","Yes","Yes","No","Yes","Yes","Yes","Yes","Yes","Yes","Yes","SKIPPED ON WEB","SKIPPED ON WEB","SKIPPED ON WEB","SKIPPED ON WEB","Female","30-44","Black, non-Hispanic","HS graduate or equivalent","$60,000 to under $100,000","Metro Area"
779,1.3309093182,"Yes","Yes","Yes","Yes","Unsure","Unsure","Yes","Yes","Yes","Yes","Yes","Yes","Yes","Unsure","Yes","Unsure","Female","18-29","Asian-Pacific Islander, non-Hispanic","Bachelor's degree","Less than $30,000","Metro Area"
780,0.6039377629,"Yes","Yes","Yes","Yes","Yes","Yes","Yes","Yes","Yes","Yes","Yes","Yes","Yes","Yes","Yes","Yes","Male","18-29","Black, non-Hispanic","Less than HS","$30,000 to under $60,000","Metro Area"
781,0.8970649228,"Yes","No","Unsure","Unsure","No","No","Yes","Yes","Yes","No","No","No","Unsure","Unsure","No","No","Male","18-29","Black, non-Hispanic","HS graduate or equivalent","Less than $30,000","Metro Area"
782,0.4337664099,"Yes","Yes","Yes","Yes","Yes","Yes","Yes","Yes","Yes","Yes","Yes","Yes","Yes","No","Yes","Yes","Female","18-29","Black, non-Hispanic","Some college/ associates degree","$30,000 to under $60,000","Metro Area"
783,2.2963128284,"Yes","Yes","Yes","Yes","No","Yes","Yes","Yes","Yes","Yes","Yes","Yes","Yes","Yes","Yes","Yes","Male","18-29","Hispanic","HS graduate or equivalent","$30,000 to under $60,000","Metro Area"
784,1.5274908655,"Yes","Yes","Yes","Yes","Yes","Yes","Yes","Yes","Yes","Yes","Yes","Yes","Yes","Yes","Yes","Yes","Female","60+","Black, non-Hispanic","HS graduate or equivalent","$60,000 to under $100,000","Metro Area"
785,0.4838305969,"Yes","Yes","Yes","Yes","No","No","Yes","Yes","Yes","Yes","No","No","Unsure","No","Yes","Yes","Female","30-44","Black, non-Hispanic","HS graduate or equivalent","Less than $30,000","Metro Area"
786,0.484962596,"Yes","No","Yes","Yes","No","Yes","Yes","Yes","Yes","Yes","No","No","Yes","No","Yes","No","Male","45-59","Hispanic","Some college/ associates degree","$60,000 to under $100,000","Non-Metro Area"
787,3.3636174146,"Yes","Yes","Yes","Yes","Yes","No","Yes","Yes","Yes","Yes","Yes","Yes","Yes","Yes","Yes","Yes","Male","18-29","Asian-Pacific Islander, non-Hispanic","Some college/ associates degree","$60,000 to under $100,000","Metro Area"
788,0.3750766484,"Yes","Yes","Yes","Yes","No","Yes","Yes","Yes","Yes","No","No","No","No","No","Yes","Yes","Female","30-44","Hispanic","Less than HS","$30,000 to under $60,000","Metro Area"
789,0.7396934909,"Yes","No","Yes","Yes","Yes","Yes","Yes","Yes","Unsure","Unsure","Unsure","Unsure","Unsure","Yes","Yes","Yes","Female","18-29","2+, non-Hispanic","HS graduate or equivalent","Less than $30,000","Non-Metro Area"
790,0.5671088226,"Unsure","Unsure","Unsure","Unsure","No","No","No","No","No","No","No","No","No","No","No","No","Male","30-44","Black, non-Hispanic","Less than HS","Less than $30,000","Metro Area"
791,0.8306517241,"Yes","Yes","Yes","Yes","No","Yes","Yes","Yes","Yes","Yes","Yes","Yes","Yes","Yes","Yes","Yes","Female","45-59","Hispanic","Some college/ associates degree","$60,000 to under $100,000","Metro Area"
792,0.4225076009,"Yes","Yes","Yes","Yes","Yes","Yes","Yes","Yes","Yes","Yes","Yes","Yes","Yes","Yes","Yes","Yes","Male","18-29","Black, non-Hispanic","Some college/ associates degree","$30,000 to under $60,000","Metro Area"
793,0.2567157477,"Yes","No","Yes","Yes","No","Yes","Yes","Yes","Yes","Yes","No","No","Yes","Yes","Yes","Yes","Male","18-29","Black, non-Hispanic","Less than HS","Less than $30,000","Metro Area"
794,0.7359576617,"Yes","No","No","Yes","No","No","No","No","No","No","No","No","No","No","Yes","No","Male","60+","Black, non-Hispanic","Some college/ associates degree","Less than $30,000","Metro Area"
795,1.0613465994,"Yes","Yes","Yes","Yes","No","Yes","Yes","Yes","Yes","Yes","Yes","Yes","Yes","Yes","Yes","Yes","Female","18-29","Asian-Pacific Islander, non-Hispanic","Bachelor's degree","$100,000 or more","Metro Area"
796,1.3323707159,"Yes","Yes","Yes","Yes","No","No","Yes","Yes","Unsure","Unsure","No","No","No","No","Yes","No","Female","18-29","White, non-Hispanic","HS graduate or equivalent","$30,000 to under $60,000","Metro Area"
797,0.9625170848,"Yes","No","No","Yes","Yes","No","No","Yes","Yes","No","No","No","Yes","Yes","No","Unsure","Male","18-29","White, non-Hispanic","Some college/ associates degree","$60,000 to under $100,000","Metro Area"
798,0.7919859009,"Yes","Yes","Yes","Yes","Yes","Yes","Yes","Yes","Yes","Yes","Yes","Yes","No","Yes","Yes","Yes","Male","18-29","Hispanic","HS graduate or equivalent","$60,000 to under $100,000","Metro Area"
799,0.1891667427,"Yes","Yes","Yes","Yes","No","Yes","Yes","Yes","Yes","Yes","No","Yes","No","Yes","Yes","No","Male","18-29","Hispanic","Some college/ associates degree","$30,000 to under $60,000","Metro Area"
800,0.2712477286,"Yes","Yes","Yes","Yes","Yes","Yes","Yes","Yes","Unsure","Yes","Yes","Unsure","No","No","Yes","Yes","Female","45-59","Hispanic","Bachelor's degree","$100,000 or more","Metro Area"
801,0.2978534871,"Yes","Yes","Yes","Yes","No","Yes","Yes","No","No","No","No","Unsure","No","No","Yes","Yes","Male","18-29","Black, non-Hispanic","Some college/ associates degree","$30,000 to under $60,000","Non-Metro Area"
802,3.7965502532,"Yes","Yes","Yes","Yes","Yes","Yes","Yes","No","Yes","No","Yes","SKIPPED ON WEB","Yes","No","Yes","Yes","Female","18-29","2+, non-Hispanic","Less than HS","Less than $30,000","Metro Area"
803,1.0714678925,"Yes","Yes","Yes","Yes","Yes","Yes","Yes","Yes","Yes","Yes","Yes","Yes","Yes","Yes","Yes","Yes","Female","18-29","2+, non-Hispanic","Some college/ associates degree","Less than $30,000","Metro Area"
804,1.0106145492,"Yes","Yes","Yes","Yes","Yes","Yes","Yes","Yes","Yes","Yes","Yes","Yes","Yes","Yes","Yes","Yes","Male","18-29","White, non-Hispanic","Some college/ associates degree","$30,000 to under $60,000","Metro Area"
805,0.4718369569,"Yes","Yes","Yes","Yes","Yes","Yes","Yes","Yes","Yes","Yes","Yes","Yes","No","Yes","Yes","Yes","Male","30-44","Black, non-Hispanic","Some college/ associates degree","$30,000 to under $60,000","Non-Metro Area"
806,0.4997678564,"No","No","Yes","Yes","No","Unsure","Unsure","Unsure","No","No","No","No","Unsure","Unsure","Unsure","Unsure","Female","60+","White, non-Hispanic","Some college/ associates degree","Less than $30,000","Metro Area"
807,0.5606575257,"Yes","Yes","Yes","Yes","Unsure","Yes","Yes","Yes","Yes","Yes","Yes","Unsure","Yes","Unsure","Yes","Yes","Female","60+","Hispanic","Some college/ associates degree","$100,000 or more","Metro Area"
808,0.4594805778,"Yes","Yes","Yes","Yes","Yes","No","No","No","No","No","Yes","No","No","Yes","Yes","Yes","Male","60+","Hispanic","Less than HS","Less than $30,000","Metro Area"
809,0.5027271592,"Unsure","Unsure","Unsure","Unsure","Unsure","Unsure","Unsure","Unsure","Unsure","Unsure","Unsure","Unsure","Unsure","Unsure","Unsure","Unsure","Male","30-44","Black, non-Hispanic","Less than HS","Less than $30,000","Metro Area"
810,0.896294687,"Yes","Yes","Yes","Yes","Yes","Yes","Yes","Yes","Yes","Yes","Yes","Yes","Yes","Yes","Yes","Yes","Male","30-44","Hispanic","HS graduate or equivalent","Less than $30,000","Metro Area"
811,1.5074601893,"No","No","No","No","Unsure","Yes","Yes","Yes","Yes","SKIPPED ON WEB","Yes","Yes","Yes","Yes","SKIPPED ON WEB","No","Female","30-44","Black, non-Hispanic","HS graduate or equivalent","$30,000 to under $60,000","Metro Area"
812,1.4124123392,"Yes","No","Yes","Yes","No","Yes","Yes","No","Yes","No","No","Yes","No","No","Yes","Yes","Male","18-29","White, non-Hispanic","Less than HS","$100,000 or more","Non-Metro Area"
813,0.6590547774,"Yes","Yes","Yes","Yes","Yes","Yes","Yes","Yes","Yes","Yes","Yes","Yes","No","Yes","Yes","No","Female","18-29","White, non-Hispanic","Bachelor's degree","$30,000 to under $60,000","Metro Area"
814,1.020360745,"Yes","No","Yes","Yes","No","Yes","Yes","No","No","No","No","No","No","No","Yes","No","Male","45-59","Hispanic","HS graduate or equivalent","$100,000 or more","Metro Area"
815,1.2296043419,"Yes","Yes","Yes","Yes","Yes","Yes","Yes","Yes","Yes","Yes","Yes","Yes","Yes","Yes","Yes","Yes","Female","18-29","White, non-Hispanic","Less than HS","Less than $30,000","Non-Metro Area"
816,1.5202844753,"Yes","Yes","Yes","Yes","Yes","Yes","Yes","Yes","Yes","No","Yes","No","No","Yes","Yes","Yes","Male","30-44","Hispanic","Bachelor's degree","$30,000 to under $60,000","Metro Area"
817,0.2105124601,"Yes","No","Yes","Yes","No","Yes","Yes","No","No","No","No","No","Yes","No","Yes","Unsure","Male","60+","Hispanic","Some college/ associates degree","$60,000 to under $100,000","Metro Area"
818,0.396194866,"Yes","Yes","Yes","Yes","No","Unsure","Unsure","Yes","Unsure","Yes","Yes","No","No","Unsure","Yes","No","Female","18-29","White, non-Hispanic","Bachelor's degree","$30,000 to under $60,000","Metro Area"
819,0.3585445314,"Yes","Unsure","Yes","Yes","No","Yes","Unsure","No","SKIPPED ON WEB","SKIPPED ON WEB","SKIPPED ON WEB","SKIPPED ON WEB","No","No","Unsure","No","Female","60+","Hispanic","Some college/ associates degree","$30,000 to under $60,000","Metro Area"
820,0.4923290759,"No","No","Yes","Yes","Yes","Yes","Yes","Yes","Yes","Yes","Yes","Yes","Yes","No","Yes","Yes","Female","60+","Hispanic","Less than HS","Less than $30,000","Metro Area"
821,1.968605328,"Yes","Yes","Yes","Yes","No","Yes","Yes","Yes","No","Yes","Yes","Yes","Unsure","Yes","Yes","Yes","Female","30-44","Black, non-Hispanic","Bachelor's degree","$100,000 or more","Metro Area"
822,1.64051186,"Yes","Yes","Yes","Yes","Yes","Unsure","No","No","Unsure","No","Unsure","No","Yes","Yes","Yes","No","Female","60+","Black, non-Hispanic","HS graduate or equivalent","$30,000 to under $60,000","Metro Area"
823,1.31247826,"Yes","No","Yes","Yes","No","No","No","No","No","No","No","No","No","No","No","No","Female","60+","Black, non-Hispanic","Some college/ associates degree","Less than $30,000","Metro Area"
824,0.8887345096,"Yes","Yes","Yes","Yes","No","No","Yes","Yes","Yes","Yes","Yes","Yes","No","Yes","Yes","Yes","Female","30-44","Black, non-Hispanic","Post grad study/professional degree","$60,000 to under $100,000","Metro Area"
825,0.7428861529,"Yes","Yes","Yes","Yes","No","Yes","Yes","Yes","Unsure","Yes","Yes","Yes","Unsure","No","Yes","Yes","Male","30-44","Hispanic","Some college/ associates degree","$100,000 or more","Metro Area"
826,1.8956385841,"Yes","Yes","No","Unsure","Yes","Yes","No","Yes","Yes","Yes","No","No","No","No","No","Yes","Male","18-29","Hispanic","Less than HS","$30,000 to under $60,000","Metro Area"
827,0.5276754688,"Unsure","No","No","No","No","No","No","No","No","Yes","No","No","No","Yes","No","No","Male","45-59","Black, non-Hispanic","Bachelor's degree","$100,000 or more","Non-Metro Area"
828,0.1907659964,"Yes","Yes","Yes","Yes","Yes","Yes","Yes","Yes","Yes","Yes","Yes","Yes","Yes","Yes","Yes","Yes","Female","60+","Hispanic","Some college/ associates degree","Less than $30,000","Metro Area"
829,1.1108921084,"Yes","Yes","Yes","Yes","Yes","Yes","Yes","Yes","Yes","Yes","Yes","Yes","Yes","Yes","Yes","Yes","Male","30-44","Hispanic","Post grad study/professional degree","$100,000 or more","Metro Area"
830,3.9728507067,"Yes","Yes","Yes","Yes","Unsure","Yes","Yes","Yes","Unsure","Yes","Yes","Unsure","Yes","No","Yes","Yes","Male","18-29","Hispanic","Less than HS","Less than $30,000","Metro Area"
831,1.0755007539,"Yes","No","No","Yes","No","No","No","No","No","No","No","No","No","No","Yes","No","Male","18-29","Black, non-Hispanic","Some college/ associates degree","$30,000 to under $60,000","Metro Area"
832,1.8187620793,"Yes","Yes","Yes","Yes","No","No","Yes","Yes","Yes","Yes","Yes","Yes","No","No","Yes","Yes","Male","30-44","Hispanic","Post grad study/professional degree","$100,000 or more","Metro Area"
833,0.6727859556,"Yes","Yes","Yes","Yes","Unsure","Yes","Yes","Yes","Yes","Yes","Yes","Yes","Yes","Yes","Yes","Yes","Female","18-29","White, non-Hispanic","Some college/ associates degree","$100,000 or more","Metro Area"
834,1.1463773593,"Yes","Yes","Yes","Yes","No","No","Yes","Yes","No","No","Unsure","No","No","No","Yes","Yes","Female","18-29","Black, non-Hispanic","Some college/ associates degree","$30,000 to under $60,000","Metro Area"
835,0.6259322208,"Yes","Yes","Unsure","Yes","Yes","Yes","Yes","Yes","Yes","Yes","Yes","Yes","Yes","Yes","Yes","Yes","Male","18-29","Hispanic","Some college/ associates degree","Less than $30,000","Metro Area"
836,0.3055558706,"Yes","Yes","Yes","Yes","Unsure","Yes","Yes","Yes","Unsure","Yes","Unsure","Unsure","No","Yes","Yes","Unsure","Female","30-44","Black, non-Hispanic","Bachelor's degree","$30,000 to under $60,000","Metro Area"
837,0.3823576565,"Yes","Yes","Yes","Yes","No","Yes","Yes","No","No","No","No","No","No","No","Yes","No","Male","18-29","Black, non-Hispanic","Some college/ associates degree","$30,000 to under $60,000","Non-Metro Area"
838,0.2932601773,"Yes","No","Yes","Yes","No","Yes","Yes","Yes","Yes","Yes","No","No","No","No","Yes","Yes","Female","45-59","Hispanic","Some college/ associates degree","$100,000 or more","Metro Area"
839,1.2236899888,"Yes","Yes","Yes","Yes","No","Yes","Yes","Yes","Yes","Yes","Yes","Yes","Yes","Yes","Yes","Yes","Female","30-44","Black, non-Hispanic","Bachelor's degree","$100,000 or more","Metro Area"
840,0.2160083923,"Yes","Yes","Yes","Yes","Yes","Yes","Yes","Yes","Yes","Yes","Yes","Yes","Yes","Yes","Yes","Yes","Male","30-44","Black, non-Hispanic","Some college/ associates degree","Less than $30,000","Metro Area"
841,0.4472152974,"Yes","Yes","Yes","Yes","No","Yes","Yes","Yes","Yes","Yes","No","Unsure","Unsure","No","Yes","Unsure","Female","18-29","White, non-Hispanic","Some college/ associates degree","$30,000 to under $60,000","Non-Metro Area"
842,0.9494610606,"No","No","No","No","No","No","Yes","SKIPPED ON WEB","No","No","Yes","Yes","No","No","No","Yes","Male","18-29","Hispanic","HS graduate or equivalent","$60,000 to under $100,000","Metro Area"
843,1.6667386333,"Yes","Yes","Yes","Yes","No","No","Yes","No","Yes","No","No","No","No","No","No","No","Male","45-59","Black, non-Hispanic","HS graduate or equivalent","Less than $30,000","Non-Metro Area"
844,1.3243891972,"Yes","No","Yes","Yes","No","Yes","Yes","Yes","Yes","Yes","Yes","Yes","Yes","No","Yes","Yes","Male","45-59","Black, non-Hispanic","Bachelor's degree","$60,000 to under $100,000","Metro Area"
845,1.1493159463,"Yes","Yes","Yes","Yes","No","Yes","Yes","Yes","No","No","No","No","No","No","Yes","Yes","Female","18-29","White, non-Hispanic","HS graduate or equivalent","$30,000 to under $60,000","Non-Metro Area"
846,0.5749602265,"Yes","Yes","Yes","Yes","No","Yes","Yes","No","Yes","No","No","Unsure","No","Yes","Yes","Yes","Female","18-29","Hispanic","Some college/ associates degree","$60,000 to under $100,000","Non-Metro Area"
847,1.3257339326,"Yes","Yes","Yes","Yes","Yes","Yes","Yes","Yes","Yes","Yes","Yes","Yes","No","No","Yes","Yes","Female","18-29","White, non-Hispanic","Some college/ associates degree","$100,000 or more","Metro Area"
848,1.5839331429,"Yes","No","Yes","Yes","No","No","No","No","No","No","No","No","No","No","Yes","No","Male","60+","Hispanic","Bachelor's degree","$60,000 to under $100,000","Metro Area"
849,0.3109194015,"Yes","No","Yes","Yes","No","No","Yes","No","Yes","No","No","Unsure","No","No","Yes","No","Female","30-44","Black, non-Hispanic","Some college/ associates degree","Less than $30,000","Metro Area"
850,0.3402334995,"Yes","Unsure","Yes","Yes","No","Yes","Yes","Yes","Unsure","Yes","Yes","Unsure","Unsure","Unsure","Yes","Yes","Female","30-44","Black, non-Hispanic","Some college/ associates degree","$30,000 to under $60,000","Metro Area"
851,2.2561992724,"Yes","Unsure","Yes","Yes","No","No","No","Unsure","No","Unsure","No","Unsure","Yes","Unsure","Yes","Unsure","Female","60+","White, non-Hispanic","HS graduate or equivalent","Less than $30,000","Non-Metro Area"
852,0.6008548844,"Yes","No","Yes","Yes","No","No","Yes","Yes","No","Yes","No","No","No","No","No","No","Female","60+","Black, non-Hispanic","Post grad study/professional degree","Less than $30,000","Metro Area"
853,0.2763033857,"Yes","Yes","Yes","Yes","Yes","Yes","Yes","Yes","Yes","Yes","Yes","Yes","Yes","Yes","Yes","Yes","Male","18-29","Black, non-Hispanic","Some college/ associates degree","$60,000 to under $100,000","Metro Area"
854,0.4870738269,"Yes","Unsure","Yes","Yes","No","Yes","Yes","No","Yes","Yes","No","No","No","No","Yes","No","Male","45-59","Hispanic","Some college/ associates degree","$60,000 to under $100,000","Metro Area"
855,1.2154975925,"Yes","No","Yes","Yes","No","Yes","Yes","No","No","No","No","No","No","No","Yes","No","Male","18-29","White, non-Hispanic","HS graduate or equivalent","Less than $30,000","Non-Metro Area"
856,0.1352825458,"Yes","Yes","Yes","Yes","No","Yes","Yes","Yes","No","No","Yes","No","No","Yes","Yes","No","Female","30-44","Hispanic","Some college/ associates degree","Less than $30,000","Metro Area"
857,0.5955902508,"Yes","Yes","Yes","Yes","No","Yes","Yes","Yes","No","Yes","No","No","Yes","No","Yes","Yes","Female","30-44","Hispanic","Some college/ associates degree","$30,000 to under $60,000","Metro Area"
858,0.285254368,"Yes","Yes","Yes","Yes","No","No","Yes","Yes","Yes","Yes","No","No","Yes","Yes","Yes","No","Female","45-59","Hispanic","Post grad study/professional degree","$100,000 or more","Metro Area"
859,0.5542754018,"Yes","Yes","Yes","Yes","Yes","Yes","Yes","Unsure","No","Yes","Unsure","No","No","No","Yes","Yes","Female","45-59","Black, non-Hispanic","Some college/ associates degree","$30,000 to under $60,000","Metro Area"
860,0.8300419032,"Yes","No","Yes","Yes","No","No","No","Yes","Yes","Yes","Yes","Yes","No","No","Yes","Yes","Female","18-29","White, non-Hispanic","Some college/ associates degree","$100,000 or more","Metro Area"
861,1.2821071543,"Unsure","No","No","No","Unsure","No","Yes","Yes","No","Unsure","Unsure","Unsure","No","Unsure","No","SKIPPED ON WEB","Male","30-44","Black, non-Hispanic","Less than HS","$60,000 to under $100,000","Metro Area"
862,3.8669444103,"Yes","No","Yes","Yes","No","No","No","No","No","No","No","No","No","No","Yes","No","Male","45-59","Hispanic","HS graduate or equivalent","$30,000 to under $60,000","Metro Area"
863,2.3779902065,"Yes","No","Yes","Yes","No","Yes","Yes","No","Yes","Yes","No","No","No","No","Yes","No","Male","30-44","Hispanic","HS graduate or equivalent","$60,000 to under $100,000","Metro Area"
864,0.4111231008,"Yes","Yes","Yes","Yes","No","No","No","Yes","Yes","Yes","No","No","No","No","Yes","Yes","Female","45-59","Hispanic","Some college/ associates degree","$30,000 to under $60,000","Metro Area"
865,0.6843316961,"Yes","Yes","Yes","Yes","Yes","Yes","Yes","Yes","Yes","Yes","Yes","Yes","Unsure","Yes","Yes","Unsure","Male","18-29","White, non-Hispanic","Bachelor's degree","$100,000 or more","Metro Area"
866,0.4322430835,"Yes","Yes","Yes","Yes","No","Yes","Yes","Yes","Yes","No","No","No","No","No","Yes","No","Female","30-44","Hispanic","HS graduate or equivalent","$30,000 to under $60,000","Metro Area"
867,1.0856021626,"Yes","Yes","Yes","Yes","No","Yes","Yes","Yes","Yes","Yes","No","No","No","Yes","Yes","No","Female","60+","Black, non-Hispanic","Some college/ associates degree","$30,000 to under $60,000","Metro Area"
868,0.4510902844,"Yes","Yes","Yes","Yes","Yes","Yes","Yes","Yes","No","Yes","Yes","Yes","No","Yes","Yes","Yes","Male","30-44","Hispanic","Some college/ associates degree","$30,000 to under $60,000","Metro Area"
869,0.6252025096,"Yes","Yes","Yes","Yes","No","Yes","Yes","No","Yes","No","No","No","No","No","Yes","Yes","Female","18-29","Hispanic","Some college/ associates degree","$30,000 to under $60,000","Metro Area"
870,0.6009455776,"Yes","No","Yes","SKIPPED ON WEB","No","No","No","No","Yes","No","No","No","No","No","No","No","Male","60+","Black, non-Hispanic","HS graduate or equivalent","Less than $30,000","Metro Area"
871,0.330750993,"Yes","No","No","No","Unsure","No","No","No","Yes","Yes","No","No","Yes","Yes","No","No","Female","60+","White, non-Hispanic","Some college/ associates degree","$30,000 to under $60,000","Metro Area"
872,0.2279681238,"SKIPPED ON WEB","SKIPPED ON WEB","SKIPPED ON WEB","SKIPPED ON WEB","SKIPPED ON WEB","SKIPPED ON WEB","SKIPPED ON WEB","SKIPPED ON WEB","SKIPPED ON WEB","SKIPPED ON WEB","SKIPPED ON WEB","SKIPPED ON WEB","SKIPPED ON WEB","SKIPPED ON WEB","SKIPPED ON WEB","SKIPPED ON WEB","Male","30-44","Black, non-Hispanic","Some college/ associates degree","$100,000 or more","Metro Area"
873,1.0270217042,"Yes","No","Yes","Yes","No","No","Yes","No","Unsure","No","No","No","No","No","Yes","No","Female","60+","Black, non-Hispanic","Some college/ associates degree","$30,000 to under $60,000","Metro Area"
874,1.1017048411,"Yes","Yes","Yes","Yes","Yes","Yes","Yes","Yes","Yes","Yes","Yes","Yes","Yes","Yes","Yes","Yes","Female","18-29","White, non-Hispanic","Some college/ associates degree","$30,000 to under $60,000","Non-Metro Area"
875,0.0787687971,"Yes","No","Yes","Yes","No","Yes","No","No","Yes","No","No","No","Yes","No","Yes","No","Male","60+","Hispanic","Some college/ associates degree","Less than $30,000","Metro Area"
876,0.8702171226,"Unsure","Unsure","Unsure","Unsure","Unsure","Unsure","Unsure","Unsure","Unsure","Unsure","Unsure","Unsure","Unsure","Unsure","Unsure","Unsure","Female","30-44","Hispanic","Some college/ associates degree","$30,000 to under $60,000","Non-Metro Area"
877,0.2651775104,"Yes","Yes","Yes","Yes","Yes","Yes","Yes","Yes","Unsure","Yes","Unsure","Yes","Yes","Unsure","Yes","Yes","Female","30-44","Hispanic","Bachelor's degree","$100,000 or more","Metro Area"
878,0.1348501179,"Yes","Yes","Yes","Yes","Yes","Yes","Yes","Yes","Yes","No","No","No","Yes","No","Yes","Yes","Male","45-59","Hispanic","Some college/ associates degree","Less than $30,000","Metro Area"
879,0.5586205764,"Yes","No","No","Yes","No","No","Yes","No","No","No","No","No","No","No","Yes","No","Male","60+","Hispanic","Some college/ associates degree","$60,000 to under $100,000","Metro Area"
880,0.6048392435,"Yes","Yes","Yes","Yes","Yes","Yes","Yes","Yes","Yes","No","No","No","Yes","Yes","Yes","Yes","Female","30-44","Black, non-Hispanic","HS graduate or equivalent","Less than $30,000","Metro Area"
881,1.8455505365,"Yes","No","Yes","Yes","No","Yes","Unsure","Yes","No","Yes","Yes","No","No","Unsure","Yes","Yes","Female","45-59","Hispanic","Bachelor's degree","$60,000 to under $100,000","Non-Metro Area"
882,2.2111097131,"Yes","Unsure","Yes","Yes","Unsure","Yes","Yes","Yes","Yes","Yes","Yes","Unsure","Unsure","Unsure","Yes","Unsure","Female","60+","Hispanic","Post grad study/professional degree","$100,000 or more","Metro Area"
883,1.5089067309,"Yes","Yes","Yes","Yes","No","Yes","Yes","Yes","No","Yes","Yes","Yes","Yes","Yes","Yes","Yes","Male","30-44","Black, non-Hispanic","HS graduate or equivalent","Less than $30,000","Metro Area"
884,0.0710456107,"Unsure","No","No","No","Yes","No","Yes","No","No","Unsure","No","No","Yes","Unsure","Yes","Yes","Male","45-59","Hispanic","Some college/ associates degree","$60,000 to under $100,000","Metro Area"
885,1.1602713006,"Yes","Yes","Yes","Yes","Yes","No","Yes","Yes","Yes","Yes","Yes","Yes","No","No","Yes","Yes","Female","18-29","White, non-Hispanic","Some college/ associates degree","$60,000 to under $100,000","Metro Area"
886,3.7180463289,"Yes","Yes","Yes","Yes","No","No","Yes","No","Yes","Yes","No","No","No","No","Yes","No","Female","60+","Hispanic","HS graduate or equivalent","$100,000 or more","Metro Area"
887,1.2420517061,"Yes","Yes","Yes","Yes","Yes","Yes","Yes","Yes","Yes","Yes","Yes","Yes","Yes","No","Yes","Yes","Male","30-44","Hispanic","Post grad study/professional degree","$100,000 or more","Metro Area"
888,0.250107396,"Yes","No","No","Yes","No","No","Yes","Yes","Yes","Yes","Yes","Yes","Yes","Unsure","Yes","Yes","Male","30-44","Hispanic","HS graduate or equivalent","Less than $30,000","Metro Area"
889,0.4825119858,"Yes","Yes","Yes","Yes","No","Yes","Yes","Yes","No","Yes","Yes","Yes","No","No","Yes","Yes","Female","18-29","White, non-Hispanic","Some college/ associates degree","Less than $30,000","Metro Area"
890,1.3571361346,"Yes","Yes","Yes","Yes","No","Yes","Yes","Yes","Yes","Yes","Yes","Yes","Yes","Yes","Yes","Yes","Female","60+","Black, non-Hispanic","Some college/ associates degree","$60,000 to under $100,000","Metro Area"
891,1.9809753617,"Yes","Yes","Yes","Yes","No","Yes","Yes","Yes","Unsure","Yes","No","No","Yes","Unsure","Yes","Yes","Male","18-29","Hispanic","Bachelor's degree","$30,000 to under $60,000","Metro Area"
892,0.4304851504,"Yes","Yes","Yes","Yes","No","Yes","Yes","Unsure","Yes","Yes","Yes","Yes","Unsure","Yes","Yes","Yes","Female","30-44","Hispanic","Less than HS","Less than $30,000","Metro Area"
893,4.6907122238,"Yes","Yes","Yes","Yes","No","Yes","Yes","Yes","Yes","Yes","Yes","Yes","Yes","Yes","Yes","Yes","Female","18-29","Hispanic","HS graduate or equivalent","$30,000 to under $60,000","Metro Area"
894,0.1205280507,"No","No","No","No","Yes","Unsure","Yes","SKIPPED ON WEB","No","Unsure","Unsure","No","Yes","Unsure","Yes","Yes","Male","18-29","Black, non-Hispanic","Some college/ associates degree","$30,000 to under $60,000","Metro Area"
895,0.2493721817,"Yes","No","Yes","Yes","No","No","Yes","No","Yes","No","No","No","No","No","Yes","No","Male","30-44","Hispanic","HS graduate or equivalent","Less than $30,000","Non-Metro Area"
896,1.6445241711,"Yes","Unsure","Yes","Yes","Yes","Yes","Yes","Yes","Yes","Yes","Yes","No","Yes","No","Yes","Yes","Male","30-44","Hispanic","Some college/ associates degree","$30,000 to under $60,000","Metro Area"
897,2.8509224143,"Yes","No","Yes","Yes","No","Yes","Yes","Yes","Yes","No","No","Yes","Yes","Yes","Yes","Yes","Female","45-59","Hispanic","HS graduate or equivalent","$60,000 to under $100,000","Metro Area"
898,0.9934252981,"Yes","Yes","Yes","Yes","Yes","Yes","Yes","Yes","Yes","Yes","Yes","Yes","Yes","Yes","Yes","Yes","Male","45-59","Hispanic","HS graduate or equivalent","$100,000 or more","Metro Area"
899,0.9303369453,"No","No","No","No","No","No","No","No","No","No","No","No","No","No","No","No","Female","30-44","Hispanic","Some college/ associates degree","$30,000 to under $60,000","Metro Area"
900,0.5482907136,"Yes","Yes","Yes","Yes","No","No","Yes","Yes","Yes","Yes","Yes","Yes","No","Yes","Yes","Yes","Male","18-29","White, non-Hispanic","Some college/ associates degree","$30,000 to under $60,000","Non-Metro Area"
901,0.5056878655,"Yes","Yes","Yes","Yes","Yes","Yes","Yes","Yes","No","Yes","Yes","Yes","Yes","No","Yes","Yes","Male","18-29","White, non-Hispanic","Some college/ associates degree","$30,000 to under $60,000","Non-Metro Area"
902,0.8344083539,"Yes","Yes","Yes","Yes","Yes","Yes","Yes","Yes","Yes","Yes","Yes","Yes","Yes","Yes","Yes","Yes","Male","30-44","Black, non-Hispanic","Bachelor's degree","$60,000 to under $100,000","Metro Area"
903,1.2639841078,"Yes","Yes","Yes","Yes","No","No","Yes","No","No","No","No","No","No","No","Yes","No","Female","45-59","Black, non-Hispanic","Bachelor's degree","$30,000 to under $60,000","Metro Area"
904,2.1840524222,"Yes","No","Yes","Yes","No","Yes","No","Yes","No","Yes","No","No","No","No","Yes","No","Female","45-59","Hispanic","Post grad study/professional degree","$60,000 to under $100,000","Metro Area"
905,0.7388281495,"Yes","Yes","Yes","Yes","Yes","Yes","Yes","Yes","Yes","Yes","Yes","Yes","Yes","Yes","Yes","Yes","Female","30-44","Black, non-Hispanic","Post grad study/professional degree","$60,000 to under $100,000","Metro Area"
906,1.016997903,"Yes","Yes","Yes","Yes","Unsure","Yes","Yes","Yes","Yes","Yes","Unsure","Unsure","No","No","Yes","Yes","Female","30-44","Hispanic","Bachelor's degree","$30,000 to under $60,000","Metro Area"
907,0.3597783809,"Yes","Yes","Yes","Yes","No","Yes","Yes","No","No","No","No","No","Yes","No","Yes","No","Male","18-29","White, non-Hispanic","Some college/ associates degree","$30,000 to under $60,000","Metro Area"
908,1.0297140303,"Yes","Yes","Yes","Yes","No","Yes","Yes","Yes","No","Yes","No","Yes","No","No","Yes","No","Male","18-29","2+, non-Hispanic","Less than HS","$30,000 to under $60,000","Non-Metro Area"
909,0.9502703787,"Yes","Yes","Yes","Yes","SKIPPED ON WEB","SKIPPED ON WEB","SKIPPED ON WEB","SKIPPED ON WEB","Yes","Yes","Yes","Yes","Yes","Yes","Yes","Yes","Female","30-44","Black, non-Hispanic","Post grad study/professional degree","$60,000 to under $100,000","Metro Area"
910,2.7703915609,"Yes","Unsure","Yes","Yes","Unsure","No","Yes","Unsure","Yes","Yes","No","Yes","Unsure","Unsure","Yes","Yes","Female","18-29","Hispanic","Some college/ associates degree","Less than $30,000","Metro Area"
911,1.4947795947,"Yes","Yes","No","Yes","Yes","Yes","No","Yes","Yes","Yes","Yes","Yes","Yes","No","Yes","No","Female","30-44","Black, non-Hispanic","HS graduate or equivalent","Less than $30,000","Metro Area"
912,0.9601985873,"Yes","Unsure","Yes","Yes","No","No","Unsure","No","Yes","Yes","Unsure","No","No","No","Yes","No","Female","30-44","Black, non-Hispanic","HS graduate or equivalent","Less than $30,000","Metro Area"
913,1.2341574374,"Yes","No","Yes","Yes","No","No","Yes","Yes","No","No","No","No","No","No","Yes","No","Female","60+","Black, non-Hispanic","Bachelor's degree","$60,000 to under $100,000","Metro Area"
914,0.981196764,"Yes","Yes","Yes","Yes","Yes","Yes","Yes","Yes","No","Yes","No","No","Unsure","Unsure","Yes","Yes","Male","45-59","Hispanic","Post grad study/professional degree","$100,000 or more","Metro Area"
915,1.5888617506,"Unsure","Unsure","Unsure","Yes","No","Yes","Unsure","No","No","No","No","No","No","No","Yes","No","Female","30-44","Black, non-Hispanic","HS graduate or equivalent","$100,000 or more","Metro Area"
916,0.6919486495,"Yes","Yes","Yes","Yes","No","No","Yes","No","No","No","No","No","No","No","Yes","Yes","Female","30-44","Black, non-Hispanic","HS graduate or equivalent","Less than $30,000","Metro Area"
917,0.7578708773,"Yes","Unsure","Yes","Yes","No","Unsure","Yes","Yes","No","No","No","No","Yes","No","Yes","Yes","Male","18-29","Other, non-Hispanic","Less than HS","$30,000 to under $60,000","Metro Area"
918,1.0217021643,"Yes","Yes","Yes","Yes","No","Yes","Yes","Yes","No","Yes","Yes","Unsure","No","Yes","Yes","Unsure","Female","45-59","Black, non-Hispanic","Some college/ associates degree","$60,000 to under $100,000","Metro Area"
919,0.3531423741,"Yes","Unsure","Yes","Yes","Unsure","Yes","Yes","Yes","Yes","Yes","Unsure","Unsure","Unsure","Yes","Yes","Unsure","Female","18-29","2+, non-Hispanic","Some college/ associates degree","Less than $30,000","Metro Area"
920,0.7396413958,"Yes","Yes","Yes","Yes","No","Yes","Yes","Yes","No","Yes","No","Yes","Yes","Yes","Yes","Yes","Female","30-44","Black, non-Hispanic","Some college/ associates degree","$60,000 to under $100,000","Metro Area"
921,0.2826041736,"Yes","Yes","Yes","Yes","No","Yes","Yes","Yes","No","Yes","No","Yes","Yes","Yes","Yes","Yes","Female","30-44","Black, non-Hispanic","Post grad study/professional degree","$100,000 or more","Metro Area"
922,3.4635841146,"Yes","Yes","Yes","SKIPPED ON WEB","No","Yes","Yes","Yes","No","No","Yes","Yes","Yes","No","Yes","Yes","Female","18-29","White, non-Hispanic","Less than HS","$100,000 or more","Metro Area"
923,0.3197668956,"Yes","Yes","Yes","Yes","Yes","Yes","Yes","Yes","No","Yes","No","No","Yes","No","Yes","Yes","Female","45-59","Black, non-Hispanic","Some college/ associates degree","$30,000 to under $60,000","Metro Area"
924,2.0976945924,"Yes","Unsure","Yes","Yes","Unsure","Yes","No","Yes","No","Yes","Yes","Unsure","No","Yes","Yes","Yes","Female","60+","Black, non-Hispanic","HS graduate or equivalent","Less than $30,000","Metro Area"
925,0.6009454755,"Yes","Yes","Yes","Yes","Yes","Yes","Yes","Unsure","No","Yes","No","No","No","Unsure","Yes","Yes","Female","45-59","Black, non-Hispanic","Post grad study/professional degree","$60,000 to under $100,000","Non-Metro Area"
926,4.5208779387,"No","No","No","No","No","No","No","No","No","No","No","No","No","No","No","No","Male","60+","Black, non-Hispanic","Less than HS","Less than $30,000","Metro Area"
927,0.0572675963,"Yes","Unsure","Yes","Yes","No","Yes","Yes","Yes","Yes","Yes","Unsure","Yes","No","Yes","Yes","Unsure","Female","45-59","Hispanic","Some college/ associates degree","$60,000 to under $100,000","Metro Area"
928,0.3298262082,"Yes","Yes","Yes","Yes","No","Yes","Yes","Yes","No","Yes","No","No","No","Yes","Yes","Yes","Male","45-59","Hispanic","Some college/ associates degree","$60,000 to under $100,000","Metro Area"
929,2.471481305,"Yes","Yes","Yes","Yes","No","No","Yes","Yes","No","Yes","No","No","No","No","Yes","Yes","Female","18-29","White, non-Hispanic","Bachelor's degree","$100,000 or more","Metro Area"
930,0.0694966435,"Yes","Unsure","Yes","Yes","No","Yes","Yes","Unsure","Unsure","Yes","Unsure","No","No","No","Yes","Unsure","Female","30-44","Hispanic","Some college/ associates degree","$60,000 to under $100,000","Metro Area"
931,0.3260416147,"Yes","Yes","Yes","Yes","Yes","Yes","Yes","Yes","Yes","Yes","Yes","Yes","Yes","Yes","Yes","Yes","Female","18-29","White, non-Hispanic","Bachelor's degree","$30,000 to under $60,000","Metro Area"
932,0.5928865836,"Yes","Yes","Yes","Yes","No","No","Yes","Yes","Yes","Yes","Yes","Yes","No","Yes","Yes","Unsure","Female","30-44","Hispanic","Some college/ associates degree","Less than $30,000","Metro Area"
933,1.4183839672,"Yes","Yes","Yes","Yes","No","Yes","Yes","Yes","Yes","Yes","Yes","Yes","Yes","Yes","Yes","Yes","Female","18-29","Black, non-Hispanic","Post grad study/professional degree","$30,000 to under $60,000","Metro Area"
934,0.3905786416,"Yes","Unsure","Yes","Yes","Unsure","Yes","No","Unsure","Unsure","Unsure","Unsure","Unsure","No","No","No","Yes","Female","60+","Hispanic","Bachelor's degree","$100,000 or more","Metro Area"
935,0.4419074189,"Yes","Unsure","No","Yes","No","Yes","Yes","No","Yes","No","No","Yes","No","No","Yes","Yes","Male","60+","Hispanic","Some college/ associates degree","$30,000 to under $60,000","Metro Area"
936,0.4270358765,"Yes","Yes","Yes","Yes","Yes","Yes","Yes","Yes","Yes","Yes","Yes","Yes","Yes","SKIPPED ON WEB","Yes","Yes","Female","18-29","White, non-Hispanic","Some college/ associates degree","$60,000 to under $100,000","Metro Area"
937,0.220298625,"Yes","No","Yes","Yes","No","Yes","Yes","Unsure","Yes","Unsure","Unsure","Unsure","No","Unsure","Yes","No","Male","30-44","Hispanic","Some college/ associates degree","Less than $30,000","Metro Area"
938,1.8749932644,"Yes","Yes","Yes","Yes","Yes","Yes","Yes","Yes","Yes","Yes","Yes","SKIPPED ON WEB","Yes","Yes","Yes","Yes","Female","18-29","White, non-Hispanic","HS graduate or equivalent","$30,000 to under $60,000","Metro Area"
939,1.6591993531,"Yes","No","Yes","Yes","No","No","Yes","No","Yes","No","Unsure","No","Yes","No","Yes","Unsure","Female","60+","Black, non-Hispanic","Some college/ associates degree","$100,000 or more","Metro Area"
940,0.6820096032,"Yes","Unsure","Unsure","Yes","Unsure","Unsure","Unsure","Unsure","Yes","Unsure","Unsure","Unsure","Unsure","Unsure","Unsure","Unsure","Female","30-44","Black, non-Hispanic","Some college/ associates degree","$30,000 to under $60,000","Metro Area"
941,0.2139259626,"Yes","Yes","Yes","Yes","No","Yes","Yes","Yes","Unsure","Yes","Yes","Yes","No","Unsure","Yes","No","Male","30-44","Hispanic","Some college/ associates degree","$30,000 to under $60,000","Metro Area"
942,1.9423567042,"Yes","Yes","Yes","Yes","Yes","Yes","Yes","Yes","Yes","Yes","Yes","Yes","Yes","Yes","Yes","Yes","Female","45-59","Hispanic","Some college/ associates degree","Less than $30,000","Metro Area"
943,1.4010722653,"Yes","Unsure","Yes","Yes","No","No","Yes","Unsure","No","Yes","No","Unsure","No","No","Yes","No","Female","18-29","White, non-Hispanic","Less than HS","Less than $30,000","Metro Area"
944,0.8712619255,"Yes","Yes","Yes","Yes","Yes","Yes","Yes","Yes","Yes","Yes","Yes","Yes","Yes","Yes","Yes","Yes","Male","60+","Black, non-Hispanic","Some college/ associates degree","$30,000 to under $60,000","Metro Area"
945,2.3678841048,"Yes","No","Yes","Yes","No","No","No","No","No","No","No","No","No","No","Yes","No","Male","18-29","Hispanic","HS graduate or equivalent","$30,000 to under $60,000","Metro Area"
946,0.1366491755,"Yes","Unsure","Yes","Yes","Yes","Unsure","Yes","Yes","No","No","Unsure","Unsure","No","Yes","Yes","Unsure","Male","30-44","Hispanic","Some college/ associates degree","$30,000 to under $60,000","Metro Area"
947,0.4012355418,"Yes","Yes","Yes","Yes","Yes","Yes","Yes","Yes","Yes","Yes","Yes","Yes","Yes","Yes","Yes","Yes","Male","60+","Black, non-Hispanic","Bachelor's degree","Less than $30,000","Metro Area"
948,0.6760914809,"Yes","No","Yes","Yes","No","Yes","Yes","No","No","No","No","No","No","Unsure","Unsure","Unsure","Male","45-59","Hispanic","HS graduate or equivalent","$30,000 to under $60,000","Metro Area"
949,1.0120117256,"Yes","Yes","Yes","Yes","Unsure","Yes","Yes","Yes","Yes","Yes","Unsure","Unsure","Yes","Unsure","Yes","Yes","Male","45-59","Hispanic","Some college/ associates degree","$60,000 to under $100,000","Metro Area"
950,1.1578183003,"No","No","SKIPPED ON WEB","Yes","No","No","No","Yes","Yes","No","No","No","No","No","No","No","Male","45-59","Hispanic","Post grad study/professional degree","$30,000 to under $60,000","Metro Area"
951,3.6173361369,"Yes","Yes","Yes","Yes","No","No","No","No","No","No","No","No","No","No","Yes","Yes","Female","18-29","Hispanic","Less than HS","$30,000 to under $60,000","Metro Area"
952,2.113564997,"Yes","Yes","Yes","Yes","No","No","Yes","Yes","No","Yes","Yes","Yes","No","No","Yes","Yes","Female","18-29","White, non-Hispanic","HS graduate or equivalent","$100,000 or more","Metro Area"
953,0.6842381147,"Yes","Yes","Yes","Yes","Unsure","Yes","Yes","Yes","No","Yes","Yes","Yes","Yes","Yes","Yes","Yes","Male","18-29","Hispanic","Some college/ associates degree","$60,000 to under $100,000","Metro Area"
954,1.0777839526,"Yes","Yes","Yes","Yes","No","No","Yes","No","No","Yes","No","No","No","No","Yes","No","Male","18-29","White, non-Hispanic","HS graduate or equivalent","$60,000 to under $100,000","Metro Area"
955,3.1879562919,"Yes","Yes","Yes","Yes","No","No","Yes","Yes","Yes","Yes","No","No","Yes","No","Yes","Yes","Male","18-29","Hispanic","HS graduate or equivalent","Less than $30,000","Non-Metro Area"
956,0.4070882464,"Yes","Unsure","Yes","Yes","Unsure","Unsure","Unsure","Unsure","Yes","Unsure","Unsure","Unsure","No","Unsure","Yes","Unsure","Female","45-59","Black, non-Hispanic","Some college/ associates degree","$60,000 to under $100,000","Metro Area"
957,1.7168270345,"Yes","Yes","Yes","Yes","No","No","Yes","Yes","Yes","Yes","No","No","No","No","Yes","No","Male","30-44","Hispanic","Bachelor's degree","$60,000 to under $100,000","Metro Area"
958,3.5090796959,"No","No","Yes","Yes","No","No","No","No","No","No","No","No","No","No","No","No","Female","45-59","Hispanic","HS graduate or equivalent","$60,000 to under $100,000","Metro Area"
959,0.5924054375,"Yes","Yes","Yes","Yes","No","Yes","Yes","Yes","Yes","Yes","No","No","No","No","Yes","Yes","Female","60+","Black, non-Hispanic","Some college/ associates degree","$60,000 to under $100,000","Non-Metro Area"
960,3.1041949139,"Unsure","Unsure","Unsure","Unsure","Unsure","Unsure","Unsure","Unsure","Unsure","Unsure","Unsure","Unsure","Unsure","Unsure","Unsure","Unsure","Male","18-29","Hispanic","Less than HS","$30,000 to under $60,000","Metro Area"
961,1.4080954896,"Yes","Unsure","Yes","Yes","No","No","Yes","Yes","Yes","Yes","Yes","Unsure","No","No","Unsure","No","Female","60+","Hispanic","Some college/ associates degree","$60,000 to under $100,000","Metro Area"
962,0.8301331467,"Yes","No","Yes","Yes","No","No","No","No","No","No","No","No","No","No","Yes","No","Female","60+","Hispanic","Some college/ associates degree","$60,000 to under $100,000","Metro Area"
963,0.7593449972,"Yes","Yes","Yes","Yes","Yes","Yes","Yes","Yes","Yes","Yes","Yes","Yes","Yes","Yes","Yes","Yes","Male","18-29","White, non-Hispanic","Post grad study/professional degree","$30,000 to under $60,000","Metro Area"
964,0.3189032534,"Yes","Yes","Yes","Yes","No","Yes","Yes","Yes","Yes","Yes","Yes","Yes","Yes","Yes","Yes","Yes","Female","45-59","Black, non-Hispanic","Bachelor's degree","$100,000 or more","Metro Area"
965,1.324242703,"Yes","Yes","Yes","Yes","Yes","Yes","Yes","Yes","Yes","Yes","Yes","Yes","No","No","Yes","Yes","Female","18-29","White, non-Hispanic","HS graduate or equivalent","$60,000 to under $100,000","Metro Area"
966,1.9156887549,"Yes","Yes","Yes","Yes","Yes","Yes","Yes","Unsure","Yes","No","No","No","Yes","No","Yes","No","Female","18-29","White, non-Hispanic","HS graduate or equivalent","$30,000 to under $60,000","Metro Area"
967,1.2151689362,"Yes","Yes","Yes","Yes","Unsure","Unsure","Yes","Yes","Yes","Yes","Yes","Yes","Unsure","Unsure","Yes","Yes","Female","45-59","Hispanic","Some college/ associates degree","$100,000 or more","Metro Area"
968,0.6871010402,"Yes","Yes","Yes","Yes","Unsure","Yes","Yes","Yes","Yes","Yes","Yes","Unsure","Yes","Yes","Yes","Yes","Female","30-44","Hispanic","Bachelor's degree","$30,000 to under $60,000","Metro Area"
969,0.5375789773,"Yes","Unsure","Yes","Yes","No","Unsure","Yes","Yes","Yes","Yes","Unsure","Unsure","Unsure","Yes","Unsure","Yes","Female","60+","Black, non-Hispanic","Post grad study/professional degree","$30,000 to under $60,000","Metro Area"
970,0.1433189039,"Yes","Unsure","Yes","Yes","Unsure","Yes","Yes","Yes","Unsure","Unsure","Unsure","Unsure","Yes","Yes","Yes","Yes","Female","45-59","Black, non-Hispanic","Some college/ associates degree","$30,000 to under $60,000","Metro Area"
971,1.0724963326,"Yes","Unsure","Yes","Yes","No","No","Unsure","Yes","Yes","Yes","Yes","Yes","No","No","Yes","Yes","Male","45-59","Hispanic","Some college/ associates degree","$100,000 or more","Metro Area"
972,0.1896216245,"Yes","Yes","Yes","Yes","No","Yes","SKIPPED ON WEB","No","No","No","No","Yes","Yes","Yes","Yes","Yes","Male","18-29","Hispanic","HS graduate or equivalent","$30,000 to under $60,000","Metro Area"
973,0.3762574151,"Yes","Yes","Yes","Yes","Yes","SKIPPED ON WEB","Yes","Yes","No","Yes","No","No","Yes","Yes","Yes","Yes","Male","18-29","Black, non-Hispanic","Some college/ associates degree","$60,000 to under $100,000","Metro Area"
974,0.4522999959,"Yes","Yes","Yes","Yes","Unsure","Unsure","Yes","Yes","Yes","Yes","Yes","Yes","Yes","Yes","Yes","Yes","Male","18-29","Black, non-Hispanic","HS graduate or equivalent","$30,000 to under $60,000","Non-Metro Area"
975,0.8802692506,"Yes","Yes","Yes","Yes","Yes","Yes","Yes","Yes","Yes","Yes","Yes","Yes","Yes","Yes","Yes","Yes","Male","30-44","Hispanic","Some college/ associates degree","Less than $30,000","Metro Area"
976,0.4554195056,"Yes","No","Yes","Yes","Yes","No","Yes","Yes","Yes","Yes","Yes","Unsure","No","No","Yes","No","Male","18-29","Asian-Pacific Islander, non-Hispanic","Bachelor's degree","$100,000 or more","Metro Area"
977,0.652742592,"Yes","Yes","Yes","Yes","No","Yes","Yes","Yes","Yes","No","No","No","No","No","Yes","Yes","Female","45-59","Hispanic","HS graduate or equivalent","Less than $30,000","Metro Area"
978,3.3563154133,"Yes","Yes","Yes","Yes","Yes","Yes","Yes","Yes","Yes","Yes","Yes","Yes","Yes","Yes","Yes","Yes","Female","30-44","Hispanic","Post grad study/professional degree","$30,000 to under $60,000","Metro Area"
979,0.5667675123,"Yes","No","Yes","Yes","No","Yes","Yes","Yes","No","Yes","No","No","No","No","Yes","No","Male","45-59","Black, non-Hispanic","HS graduate or equivalent","Less than $30,000","Metro Area"
980,0.4366745115,"Yes","Yes","Yes","Yes","Yes","Yes","Yes","Yes","Yes","Yes","Yes","Yes","Yes","Yes","Yes","Yes","Female","45-59","Hispanic","HS graduate or equivalent","Less than $30,000","Metro Area"
981,1.0026454145,"Yes","No","Yes","Yes","No","No","Yes","No","No","No","No","No","No","No","No","No","Female","45-59","Black, non-Hispanic","HS graduate or equivalent","Less than $30,000","Metro Area"
982,0.9274262251,"Yes","Yes","Yes","Yes","Yes","Yes","No","Yes","Yes","Yes","Yes","Yes","Yes","Yes","Yes","Yes","Female","30-44","Hispanic","Post grad study/professional degree","$100,000 or more","Metro Area"
983,0.4472636686,"Yes","Yes","Yes","Yes","Yes","Yes","Yes","Yes","No","Yes","Yes","Yes","Yes","Yes","Yes","Yes","Female","18-29","White, non-Hispanic","Bachelor's degree","$100,000 or more","Metro Area"
984,2.398022057,"Yes","No","Yes","Yes","No","Unsure","Yes","Unsure","Unsure","Unsure","No","Unsure","No","Unsure","Yes","Unsure","Male","30-44","Hispanic","HS graduate or equivalent","$30,000 to under $60,000","Metro Area"
985,0.4181197209,"Yes","Yes","Yes","Yes","No","Unsure","Unsure","Yes","No","Yes","Unsure","No","No","No","Yes","Yes","Female","30-44","Hispanic","Post grad study/professional degree","$100,000 or more","Metro Area"
986,0.5471771824,"No","No","No","No","No","No","No","No","No","No","No","No","No","No","No","No","Male","18-29","Black, non-Hispanic","Some college/ associates degree","Less than $30,000","Non-Metro Area"
987,2.1422478306,"Yes","No","Yes","Yes","No","Yes","No","No","No","No","No","No","No","No","Yes","No","Female","60+","Hispanic","Some college/ associates degree","$30,000 to under $60,000","Metro Area"
988,0.5712504964,"No","No","Yes","No","No","No","No","Yes","No","No","No","No","Unsure","No","Yes","No","Female","60+","White, non-Hispanic","Some college/ associates degree","$30,000 to under $60,000","Metro Area"
989,0.7153934932,"Yes","No","Yes","Yes","No","No","No","No","Yes","No","No","No","No","No","Yes","No","Female","60+","Black, non-Hispanic","Some college/ associates degree","$60,000 to under $100,000","Metro Area"
990,1.7461438958,"SKIPPED ON WEB","SKIPPED ON WEB","No","No","No","Unsure","Unsure","Unsure","Unsure","Unsure","Unsure","Unsure","Unsure","No","Unsure","No","Male","30-44","Black, non-Hispanic","HS graduate or equivalent","Less than $30,000","Metro Area"
991,0.8755315437,"No","Yes","Yes","Yes","Unsure","No","No","Yes","No","No","No","Yes","Yes","Yes","No","No","Male","45-59","Hispanic","Less than HS","Less than $30,000","Metro Area"
992,0.726086157,"Yes","Yes","Yes","Yes","No","Yes","Yes","Yes","Yes","Yes","No","No","No","No","Yes","No","Female","45-59","Black, non-Hispanic","Bachelor's degree","$100,000 or more","Metro Area"
993,0.4697468495,"Yes","Yes","Yes","Yes","Unsure","Yes","Yes","Yes","Yes","Yes","Yes","Yes","Yes","Yes","Yes","Yes","Male","18-29","White, non-Hispanic","Some college/ associates degree","$100,000 or more","Metro Area"
994,1.4634746207,"Yes","No","Yes","No","Yes","No","Yes","No","Yes","No","Yes","Yes","Yes","Yes","Yes","Yes","Male","45-59","Hispanic","HS graduate or equivalent","$30,000 to under $60,000","Metro Area"
995,1.6375372933,"No","No","No","No","No","No","No","No","No","No","No","No","No","No","No","No","Female","45-59","Hispanic","HS graduate or equivalent","$30,000 to under $60,000","Metro Area"
996,0.9893721684,"Yes","No","Yes","Yes","No","No","No","Unsure","No","No","Unsure","Unsure","No","No","No","No","Female","30-44","Black, non-Hispanic","HS graduate or equivalent","$30,000 to under $60,000","Metro Area"
997,1.0294246368,"Yes","Yes","Yes","Yes","No","Yes","No","Yes","Yes","Yes","No","Unsure","No","No","Yes","Yes","Male","60+","White, non-Hispanic","Bachelor's degree","$60,000 to under $100,000","Metro Area"
998,1.7731309472,"Yes","Yes","Yes","Yes","Yes","Yes","Yes","Yes","Yes","Yes","Yes","Yes","Yes","Yes","Yes","Yes","Male","18-29","White, non-Hispanic","Less than HS","$60,000 to under $100,000","Metro Area"
999,0.2504405472,"Yes","No","No","Yes","No","No","No","No","Yes","No","No","No","No","No","No","No","Female","30-44","Black, non-Hispanic","Bachelor's degree","$30,000 to under $60,000","Metro Area"
1000,0.669892166,"Yes","Yes","Yes","Yes","Yes","Yes","Yes","Yes","Yes","Yes","Yes","Yes","Yes","Yes","Yes","No","Male","18-29","White, non-Hispanic","Bachelor's degree","$100,000 or more","Metro Area"
1001,0.8564200025,"Yes","Yes","Yes","Yes","No","No","Yes","Yes","Yes","Yes","No","No","No","Yes","Yes","No","Female","18-29","White, non-Hispanic","Some college/ associates degree","$30,000 to under $60,000","Metro Area"
1002,0.6816666732,"Yes","Yes","Yes","Yes","No","No","No","No","No","No","No","No","No","No","Yes","No","Female","45-59","Hispanic","Some college/ associates degree","Less than $30,000","Metro Area"
1003,1.7885914694,"Yes","Yes","Yes","Yes","No","Yes","Yes","No","Yes","No","No","No","No","No","Yes","No","Male","30-44","Black, non-Hispanic","Post grad study/professional degree","$100,000 or more","Metro Area"
1004,0.9258005797,"Yes","Yes","Yes","Yes","Unsure","Unsure","Yes","Yes","Yes","No","Yes","Yes","Yes","No","Yes","Unsure","Female","30-44","Hispanic","Bachelor's degree","$60,000 to under $100,000","Metro Area"
1005,1.3476591358,"Yes","Yes","Yes","Yes","No","Yes","Yes","Yes","Yes","Yes","Yes","Yes","No","Yes","Yes","Yes","Female","60+","White, non-Hispanic","Post grad study/professional degree","$60,000 to under $100,000","Non-Metro Area"
1006,0.3414325855,"Yes","Yes","Yes","Yes","Yes","Yes","Yes","Yes","Yes","Yes","Yes","Yes","Yes","Yes","Yes","Yes","Male","45-59","Hispanic","Some college/ associates degree","$30,000 to under $60,000","Metro Area"
1007,1.6965539593,"Yes","Yes","Yes","Yes","No","No","No","No","No","No","No","No","No","No","Yes","No","Male","18-29","White, non-Hispanic","HS graduate or equivalent","Less than $30,000","Metro Area"
1008,1.1884010907,"Yes","Yes","Yes","Yes","No","No","No","No","Yes","Yes","Yes","Yes","No","No","Yes","Yes","Male","18-29","White, non-Hispanic","Less than HS","$100,000 or more","Metro Area"
1009,0.6441911932,"Yes","Yes","Yes","Yes","No","Yes","No","Yes","Yes","Unsure","Yes","Yes","Yes","Yes","Yes","Yes","Male","18-29","Hispanic","Some college/ associates degree","Less than $30,000","Metro Area"
1010,1.4395788493,"Yes","Yes","Yes","Yes","Yes","Yes","Yes","Yes","Yes","Yes","Yes","Yes","Yes","Yes","Yes","Yes","Male","60+","Black, non-Hispanic","Some college/ associates degree","Less than $30,000","Metro Area"
1011,2.1347752572,"Yes","No","Yes","Yes","No","Yes","Yes","No","No","Unsure","No","No","No","No","Yes","No","Female","60+","White, non-Hispanic","HS graduate or equivalent","$60,000 to under $100,000","Metro Area"
1012,2.0434954355,"Yes","Yes","Yes","Yes","No","Yes","Yes","Yes","Unsure","Yes","Yes","Yes","Unsure","Yes","Yes","SKIPPED ON WEB","Female","18-29","White, non-Hispanic","Some college/ associates degree","$100,000 or more","Metro Area"
1013,0.3858149951,"Yes","Yes","Yes","Yes","No","No","Yes","Yes","Yes","Yes","Unsure","Yes","Yes","No","Yes","Unsure","Female","18-29","White, non-Hispanic","Bachelor's degree","$30,000 to under $60,000","Metro Area"
1014,0.7032696807,"Yes","Yes","Yes","Yes","Yes","Yes","Yes","Yes","Yes","Yes","Yes","Yes","No","No","Yes","Yes","Female","18-29","Asian-Pacific Islander, non-Hispanic","Bachelor's degree","$60,000 to under $100,000","Metro Area"
1015,3.0452075781,"Yes","Yes","Yes","Yes","Unsure","Yes","Yes","Yes","Yes","Yes","Yes","Yes","Yes","Yes","Yes","Yes","Female","18-29","Asian-Pacific Islander, non-Hispanic","Bachelor's degree","$30,000 to under $60,000","Metro Area"
1016,0.6708016831,"Yes","Yes","Yes","Yes","No","Unsure","Yes","Yes","Yes","Yes","No","Yes","No","Yes","Yes","Unsure","Male","18-29","Hispanic","Less than HS","$60,000 to under $100,000","Metro Area"
1017,1.175846561,"Yes","Yes","Yes","Yes","Yes","Yes","Yes","Yes","Yes","Yes","Yes","Yes","Yes","Yes","Yes","Yes","Male","18-29","Black, non-Hispanic","HS graduate or equivalent","Less than $30,000","Metro Area"
1018,1.7658201741,"Yes","Yes","Yes","Yes","No","No","Yes","Yes","No","No","No","No","Yes","No","Yes","Yes","Female","18-29","Hispanic","HS graduate or equivalent","Less than $30,000","Non-Metro Area"
1019,0.1038637465,"Unsure","Yes","No","Yes","Yes","Yes","No","Yes","Yes","Yes","Yes","No","Yes","No","Yes","Yes","Male","18-29","Black, non-Hispanic","Less than HS","$60,000 to under $100,000","Metro Area"
1020,1.2618292226,"Yes","No","Yes","Yes","Yes","Yes","Yes","Yes","Unsure","Unsure","No","No","No","Yes","Unsure","No","Female","18-29","Black, non-Hispanic","Less than HS","$30,000 to under $60,000","Metro Area"
1021,1.4107445065,"Yes","Yes","Yes","Yes","No","No","Yes","No","Yes","Yes","Yes","No","Yes","Yes","Yes","Yes","Male","60+","Hispanic","Some college/ associates degree","$30,000 to under $60,000","Metro Area"
1022,0.7399732866,"Yes","Yes","Yes","Yes","Yes","Yes","Yes","Yes","Yes","Yes","Yes","Yes","No","Yes","Yes","Yes","Female","30-44","Black, non-Hispanic","Some college/ associates degree","Less than $30,000","Metro Area"
1023,0.3331882052,"Yes","Yes","Yes","Yes","No","Unsure","Yes","Unsure","Unsure","No","No","No","No","No","No","No","Male","30-44","Hispanic","Some college/ associates degree","$30,000 to under $60,000","Metro Area"
1024,0.3206959391,"Yes","Yes","Yes","Yes","No","Yes","Yes","Yes","Yes","Yes","Yes","Yes","No","Yes","Yes","No","Male","60+","Hispanic","Some college/ associates degree","$60,000 to under $100,000","Non-Metro Area"
1025,0.702911673,"Yes","Yes","Yes","Yes","No","No","No","No","Yes","No","No","No","Yes","Yes","Yes","Yes","Female","18-29","White, non-Hispanic","Less than HS","Less than $30,000","Non-Metro Area"
1026,1.1205609553,"Yes","No","Yes","Yes","No","No","Yes","No","Yes","Yes","No","No","No","No","No","No","Female","18-29","Hispanic","Some college/ associates degree","$60,000 to under $100,000","Metro Area"
1027,1.0652973713,"Yes","Yes","Yes","Yes","No","No","No","No","No","No","No","No","No","No","Yes","Unsure","Male","45-59","Hispanic","HS graduate or equivalent","$60,000 to under $100,000","Non-Metro Area"
1028,0.3349478048,"Yes","Yes","Yes","Yes","Unsure","Yes","Yes","No","Yes","Yes","No","No","Yes","Unsure","Yes","Yes","Male","30-44","Black, non-Hispanic","Less than HS","Less than $30,000","Metro Area"
1029,1.7052322132,"Yes","Yes","Yes","Yes","Yes","Yes","Yes","Yes","Yes","Yes","Yes","Yes","Yes","Yes","Yes","Yes","Male","30-44","Hispanic","Bachelor's degree","$100,000 or more","Metro Area"
1030,1.1863229538,"No","No","No","No","No","Unsure","Unsure","Unsure","Unsure","Unsure","Unsure","Unsure","Unsure","Unsure","Unsure","Unsure","Male","60+","Hispanic","HS graduate or equivalent","$30,000 to under $60,000","Metro Area"
1031,0.2380967599,"Yes","SKIPPED ON WEB","Yes","Yes","Yes","Yes","Yes","Yes","Yes","Yes","Yes","Yes","Yes","Yes","Yes","Yes","Male","18-29","Black, non-Hispanic","Some college/ associates degree","$100,000 or more","Metro Area"
1032,0.325733458,"Yes","No","Yes","Yes","No","No","Yes","No","Yes","Yes","No","No","No","No","Yes","No","Male","18-29","White, non-Hispanic","Some college/ associates degree","$30,000 to under $60,000","Metro Area"
1033,1.6969255352,"Yes","Yes","Yes","Yes","Yes","Yes","Yes","Yes","Yes","Yes","Yes","Yes","Yes","Yes","Yes","Yes","Male","18-29","White, non-Hispanic","Bachelor's degree","$100,000 or more","Metro Area"
1034,1.7516882012,"Yes","No","Yes","No","No","No","Yes","Yes","No","Yes","Yes","No","Yes","Yes","Yes","Yes","Female","60+","White, non-Hispanic","HS graduate or equivalent","$60,000 to under $100,000","Metro Area"
1035,4.1473375666,"Yes","Yes","Yes","Yes","Unsure","Unsure","Yes","Unsure","No","Unsure","Unsure","Unsure","Unsure","Unsure","Unsure","Unsure","Female","45-59","Black, non-Hispanic","Less than HS","Less than $30,000","Non-Metro Area"
1036,0.1645376041,"Yes","Yes","Yes","Yes","Unsure","Yes","Yes","Yes","Yes","Yes","Yes","Yes","Unsure","Unsure","Yes","Yes","Male","30-44","Hispanic","Bachelor's degree","$60,000 to under $100,000","Metro Area"
1037,0.2740100011,"Yes","Yes","Yes","Yes","Unsure","Yes","Yes","Yes","Yes","Yes","No","No","Yes","No","Unsure","No","Female","45-59","Black, non-Hispanic","Some college/ associates degree","Less than $30,000","Metro Area"
1038,0.2522719337,"Yes","Yes","Yes","Yes","No","Unsure","Yes","Unsure","Yes","Yes","No","No","Yes","No","Yes","Unsure","Male","60+","Hispanic","Some college/ associates degree","$60,000 to under $100,000","Metro Area"
1039,0.3016353894,"Yes","Yes","Yes","Yes","Unsure","Unsure","Yes","Unsure","Unsure","Unsure","Unsure","Unsure","Unsure","Unsure","Yes","Unsure","Female","45-59","Hispanic","Bachelor's degree","$100,000 or more","Metro Area"
1040,3.404212974,"Yes","Yes","Yes","Yes","No","Yes","Yes","Yes","No","Unsure","No","Yes","No","Yes","Yes","No","Male","18-29","Hispanic","HS graduate or equivalent","$100,000 or more","Metro Area"
1041,3.0985293505,"Yes","Yes","Yes","Yes","Yes","Yes","Yes","Yes","Yes","Yes","Yes","Yes","Yes","No","Yes","Yes","Female","18-29","Black, non-Hispanic","Less than HS","$60,000 to under $100,000","Non-Metro Area"
1042,0.4931648023,"Yes","Yes","Yes","Yes","No","Yes","Yes","Yes","No","Yes","No","Unsure","No","No","Yes","Yes","Female","30-44","Black, non-Hispanic","Some college/ associates degree","Less than $30,000","Metro Area"
1043,1.6451311982,"Yes","Yes","Yes","Yes","No","No","Yes","Yes","No","Yes","No","No","Yes","Yes","Yes","Yes","Male","18-29","White, non-Hispanic","HS graduate or equivalent","$30,000 to under $60,000","Metro Area"
1044,0.8617268326,"Yes","Yes","Yes","Yes","Yes","Yes","Yes","Yes","Yes","Yes","Yes","Yes","Yes","Yes","Yes","Yes","Male","30-44","Black, non-Hispanic","Some college/ associates degree","Less than $30,000","Metro Area"
1045,0.6267669946,"Yes","Yes","Yes","Yes","No","Yes","Yes","Yes","No","Yes","No","No","Unsure","Yes","Yes","Yes","Female","60+","Hispanic","Some college/ associates degree","$60,000 to under $100,000","Metro Area"
1046,0.5879757989,"Yes","No","Yes","Yes","No","Yes","Yes","Yes","Unsure","Unsure","Unsure","Unsure","Unsure","Unsure","Unsure","SKIPPED ON WEB","Male","30-44","Hispanic","Some college/ associates degree","$100,000 or more","Metro Area"
1047,0.5748238475,"Yes","No","Yes","Yes","No","Yes","Yes","No","Yes","No","No","No","Yes","No","Yes","No","Male","30-44","White, non-Hispanic","Some college/ associates degree","Less than $30,000","Metro Area"
1048,0.2962374698,"Yes","No","Yes","Yes","No","No","Yes","No","No","Yes","No","No","Yes","No","Yes","No","Male","60+","Hispanic","Bachelor's degree","$60,000 to under $100,000","Metro Area"
1049,1.038645191,"Yes","No","No","Yes","No","No","No","Yes","No","No","No","No","No","No","No","No","Female","60+","Black, non-Hispanic","Less than HS","Less than $30,000","Metro Area"
1050,0.8765249913,"Yes","Yes","Yes","Yes","No","No","Yes","Yes","No","No","No","No","Yes","No","Yes","No","Male","30-44","White, non-Hispanic","Bachelor's degree","$60,000 to under $100,000","Metro Area"
1051,3.7876877381,"Yes","Yes","Yes","Yes","No","Yes","Yes","Yes","Yes","Yes","No","No","Yes","No","Yes","Yes","Male","18-29","White, non-Hispanic","HS graduate or equivalent","$100,000 or more","Metro Area"
1052,0.5195268142,"Yes","Yes","Yes","Yes","Unsure","Yes","Yes","Yes","Yes","Yes","Yes","Yes","Yes","Yes","Yes","Yes","Female","18-29","Black, non-Hispanic","Bachelor's degree","Less than $30,000","Metro Area"
1053,0.9853710231,"Yes","Yes","Yes","Yes","No","No","Yes","No","No","No","No","No","No","No","Yes","Yes","Female","18-29","White, non-Hispanic","HS graduate or equivalent","Less than $30,000","Non-Metro Area"
1054,0.1243187793,"Yes","Yes","Yes","Yes","Yes","Unsure","Yes","Yes","No","Yes","No","No","Yes","Unsure","Yes","Yes","Female","30-44","Black, non-Hispanic","Bachelor's degree","$100,000 or more","Metro Area"
1055,0.6522804994,"Yes","No","Unsure","Yes","Unsure","Unsure","Yes","Unsure","Unsure","Unsure","No","No","Unsure","Unsure","Yes","Unsure","Female","45-59","Hispanic","Some college/ associates degree","$30,000 to under $60,000","Metro Area"
1056,0.333542359,"Yes","Yes","Yes","Yes","Yes","Yes","Yes","Yes","Yes","Yes","Yes","Yes","Yes","Yes","Yes","Yes","Female","18-29","White, non-Hispanic","Bachelor's degree","$30,000 to under $60,000","Non-Metro Area"
1057,0.8336550432,"Yes","No","Yes","Yes","No","Yes","No","Yes","No","No","No","No","Yes","No","Yes","No","Male","18-29","Hispanic","HS graduate or equivalent","Less than $30,000","Metro Area"
1058,1.2726650831,"Yes","Yes","Yes","Yes","Yes","Yes","Yes","Yes","Yes","Yes","No","Unsure","Yes","Yes","Yes","Yes","Male","18-29","White, non-Hispanic","Bachelor's degree","$100,000 or more","Metro Area"
1059,0.7072911695,"Yes","Yes","Yes","Yes","Yes","Yes","Yes","Yes","No","Yes","Yes","Yes","No","Yes","Yes","Yes","Female","45-59","Black, non-Hispanic","Post grad study/professional degree","$100,000 or more","Metro Area"
1060,3.7163382013,"Yes","No","Yes","Yes","Yes","Yes","Yes","Yes","Yes","Yes","No","No","Yes","No","Yes","No","Male","18-29","White, non-Hispanic","HS graduate or equivalent","Less than $30,000","Metro Area"
1061,0.4863866584,"Yes","Yes","Yes","Yes","Yes","No","Yes","Yes","Yes","No","No","Yes","Yes","Yes","Yes","Yes","Male","30-44","Hispanic","HS graduate or equivalent","$60,000 to under $100,000","Metro Area"
1062,0.570475346,"Yes","Yes","Yes","Yes","Yes","Yes","Yes","Yes","Yes","Yes","Yes","Yes","Yes","Yes","Yes","Yes","Male","18-29","Asian-Pacific Islander, non-Hispanic","Some college/ associates degree","Less than $30,000","Metro Area"
1063,0.7675209197,"Yes","Yes","Yes","Yes","Yes","Yes","Yes","Yes","Yes","Yes","Yes","Yes","Yes","Yes","Yes","Yes","Male","30-44","Hispanic","Some college/ associates degree","$30,000 to under $60,000","Metro Area"
1064,0.3173388083,"Yes","Yes","Yes","Yes","Yes","Yes","Yes","Yes","Yes","Yes","Yes","Yes","Yes","Yes","Yes","Yes","Male","30-44","Hispanic","Post grad study/professional degree","$100,000 or more","Metro Area"
1065,0.9479453799,"Yes","Yes","Yes","Yes","No","No","Yes","No","No","No","No","Yes","No","No","Yes","Yes","Female","18-29","White, non-Hispanic","Bachelor's degree","$30,000 to under $60,000","Metro Area"
1066,1.3032319852,"Yes","Yes","Yes","Yes","Yes","No","Yes","Yes","Unsure","Yes","Unsure","Unsure","Unsure","Unsure","Yes","Unsure","Female","60+","Hispanic","Bachelor's degree","$30,000 to under $60,000","Metro Area"
1067,0.3273535962,"Yes","Yes","Yes","Yes","No","No","No","No","No","Yes","Yes","No","No","No","Yes","Yes","Female","18-29","White, non-Hispanic","Some college/ associates degree","$30,000 to under $60,000","Metro Area"
1068,0.5623528787,"Yes","Yes","Yes","Yes","Yes","Yes","Yes","Yes","Yes","Yes","Yes","Yes","Yes","Yes","Yes","Yes","Male","45-59","Hispanic","Some college/ associates degree","$30,000 to under $60,000","Metro Area"
1069,1.3509037283,"Yes","Yes","Yes","Yes","No","No","No","No","Unsure","Yes","Unsure","Unsure","Unsure","Unsure","Unsure","Unsure","Male","45-59","Black, non-Hispanic","Less than HS","Less than $30,000","Metro Area"
1070,1.1994647466,"Yes","Yes","Yes","Yes","No","Yes","Yes","Yes","Yes","Yes","Yes","Yes","Yes","Yes","Yes","Yes","Female","18-29","White, non-Hispanic","Bachelor's degree","$30,000 to under $60,000","Metro Area"
1071,1.6275680055,"Yes","Yes","Yes","Yes","No","Yes","Yes","Yes","Yes","Yes","Yes","No","Yes","No","Yes","Yes","Female","18-29","White, non-Hispanic","Some college/ associates degree","$30,000 to under $60,000","Non-Metro Area"
1072,1.248207137,"Yes","Unsure","Unsure","Yes","Unsure","Unsure","Yes","Unsure","Unsure","Yes","Yes","Unsure","Yes","Yes","Yes","Yes","Male","60+","Black, non-Hispanic","Some college/ associates degree","Less than $30,000","Metro Area"
1073,0.6041924137,"No","No","No","No","No","No","No","No","No","No","No","No","No","No","No","No","Male","30-44","Hispanic","Some college/ associates degree","$30,000 to under $60,000","Metro Area"
1074,1.3470882473,"Yes","No","Yes","Yes","No","No","Yes","Yes","Yes","Yes","No","Yes","No","No","Yes","No","Male","18-29","Black, non-Hispanic","Less than HS","$30,000 to under $60,000","Metro Area"
1075,0.0931833736,"No","No","No","No","No","No","No","No","No","No","No","No","No","No","No","No","Male","45-59","White, non-Hispanic","Bachelor's degree","$30,000 to under $60,000","Metro Area"
1076,0.7191110229,"Yes","Yes","Yes","Yes","No","Yes","Yes","No","No","No","No","Yes","No","No","Yes","No","Female","18-29","White, non-Hispanic","Some college/ associates degree","$60,000 to under $100,000","Metro Area"
1077,0.807969801,"Yes","Yes","Yes","Yes","Yes","Yes","Yes","Yes","Yes","Yes","Yes","SKIPPED ON WEB","Yes","Yes","Yes","Yes","Male","18-29","White, non-Hispanic","Bachelor's degree","$100,000 or more","Metro Area"
1078,1.5113103356,"Yes","Unsure","Yes","Yes","No","Yes","Yes","Yes","No","Yes","No","No","No","No","Yes","Yes","Female","30-44","Hispanic","Some college/ associates degree","Less than $30,000","Metro Area"
1079,0.8584076983,"Yes","Yes","Yes","Yes","Yes","Yes","Yes","Yes","Yes","Yes","Yes","Yes","Yes","No","Yes","Yes","Male","18-29","Hispanic","Some college/ associates degree","$100,000 or more","Metro Area"
1080,2.0896723561,"Yes","No","Yes","Yes","No","No","Yes","No","No","No","Yes","No","No","No","Yes","Yes","Female","18-29","White, non-Hispanic","Less than HS","Less than $30,000","Non-Metro Area"
1081,0.2020358199,"Yes","No","Yes","Yes","No","Yes","Unsure","Yes","Yes","Unsure","No","No","No","No","Yes","Yes","Male","30-44","Black, non-Hispanic","Some college/ associates degree","$30,000 to under $60,000","Metro Area"
1082,0.9646528673,"Yes","No","Yes","Yes","No","Yes","Yes","No","Yes","No","No","No","No","No","Yes","Yes","Male","45-59","Hispanic","Some college/ associates degree","$60,000 to under $100,000","Metro Area"
1083,0.7561730016,"Yes","Yes","Yes","Yes","No","No","Unsure","Yes","No","Unsure","Yes","Unsure","Yes","Unsure","Yes","Unsure","Female","45-59","Hispanic","Some college/ associates degree","$30,000 to under $60,000","Metro Area"
1084,0.6056995125,"Yes","Yes","Yes","Yes","No","No","Yes","No","Yes","Yes","No","No","No","No","Yes","Unsure","Female","30-44","Hispanic","Some college/ associates degree","$30,000 to under $60,000","Metro Area"
1085,1.0011823836,"Yes","Unsure","Yes","Yes","Unsure","Yes","Yes","Unsure","Yes","Unsure","Unsure","No","Yes","No","Yes","Unsure","Female","30-44","Black, non-Hispanic","Some college/ associates degree","Less than $30,000","Metro Area"
1086,0.9050193964,"Yes","Yes","Yes","Yes","Yes","Yes","Yes","Yes","Yes","Yes","Yes","Yes","Yes","Yes","Yes","Yes","Male","45-59","Black, non-Hispanic","Some college/ associates degree","Less than $30,000","Metro Area"
1087,1.2778766777,"Yes","Yes","Yes","Yes","Yes","Yes","Yes","Yes","Yes","Yes","Yes","Yes","Yes","No","Yes","Yes","Female","30-44","Black, non-Hispanic","Less than HS","Less than $30,000","Metro Area"
1088,0.2084338495,"Yes","Yes","Yes","Yes","Yes","Unsure","Unsure","Yes","Yes","Unsure","Yes","Unsure","No","No","Yes","Yes","Male","60+","Black, non-Hispanic","Some college/ associates degree","Less than $30,000","Metro Area"
1089,0.474584721,"Yes","Yes","Yes","Yes","Yes","No","Yes","Yes","Yes","Unsure","Yes","Unsure","No","No","Yes","Yes","Female","45-59","Hispanic","Post grad study/professional degree","$30,000 to under $60,000","Metro Area"
1090,0.9487390329,"Yes","No","Yes","Yes","No","No","No","No","Yes","No","No","No","Unsure","No","Yes","Yes","Male","60+","Hispanic","Some college/ associates degree","$100,000 or more","Metro Area"
1091,1.6113617595,"Yes","No","No","Yes","No","No","Yes","Unsure","No","No","No","No","SKIPPED ON WEB","No","Yes","No","Female","60+","Hispanic","Some college/ associates degree","$30,000 to under $60,000","Metro Area"
1092,0.5814025084,"No","No","No","No","No","No","No","No","No","No","No","No","No","No","No","No","Female","30-44","Black, non-Hispanic","Some college/ associates degree","Less than $30,000","Metro Area"
1093,0.3067878742,"Yes","No","Yes","Yes","No","Yes","Yes","Yes","No","Yes","Yes","No","Yes","No","Yes","No","Male","30-44","Hispanic","HS graduate or equivalent","Less than $30,000","Non-Metro Area"
1094,0.4082591179,"Yes","Yes","Yes","Yes","Yes","Yes","Yes","Yes","Yes","Yes","Yes","Yes","Yes","Yes","Yes","Yes","Female","18-29","White, non-Hispanic","Some college/ associates degree","$100,000 or more","Metro Area"
1095,0.841129081,"Yes","No","Yes","Yes","No","No","Yes","No","No","Yes","Yes","No","No","Yes","Yes","Yes","Female","45-59","Hispanic","Some college/ associates degree","$60,000 to under $100,000","Metro Area"
1096,0.3924228168,"Yes","Yes","Yes","Yes","No","Unsure","Yes","Unsure","Unsure","Unsure","No","Unsure","Unsure","No","Yes","Yes","Female","45-59","Hispanic","HS graduate or equivalent","$30,000 to under $60,000","Metro Area"
1097,0.5946702493,"Yes","Yes","Yes","Yes","Unsure","Unsure","Yes","No","No","Yes","Yes","Yes","No","No","Yes","Yes","Female","18-29","2+, non-Hispanic","Some college/ associates degree","$60,000 to under $100,000","Metro Area"
1098,2.8275517585,"Yes","Yes","Yes","Yes","Unsure","Unsure","Yes","Yes","No","No","No","No","No","No","Yes","Yes","Male","18-29","White, non-Hispanic","HS graduate or equivalent","$30,000 to under $60,000","Metro Area"
1099,0.529080895,"Yes","No","Unsure","Yes","No","No","Yes","No","No","No","No","No","Yes","Yes","Yes","No","Male","60+","Black, non-Hispanic","Post grad study/professional degree","$60,000 to under $100,000","Metro Area"
1100,1.5541281438,"Yes","Yes","Yes","Yes","No","Yes","Yes","Yes","Yes","Unsure","No","No","Yes","Yes","Yes","Yes","Male","30-44","Hispanic","HS graduate or equivalent","$60,000 to under $100,000","Metro Area"
1101,1.9048341397,"Yes","Yes","Yes","Yes","No","Yes","Yes","No","Yes","No","No","No","No","No","Yes","No","Female","30-44","Hispanic","HS graduate or equivalent","Less than $30,000","Metro Area"
1102,1.5216365712,"Yes","Yes","Yes","Yes","No","Yes","Yes","Yes","No","Unsure","Yes","No","No","Unsure","Yes","Yes","Male","18-29","Black, non-Hispanic","HS graduate or equivalent","Less than $30,000","Non-Metro Area"
1103,3.6129387544,"Yes","No","Yes","Yes","No","Yes","Yes","Yes","No","Unsure","No","No","No","No","Yes","Yes","Female","60+","Black, non-Hispanic","Post grad study/professional degree","$100,000 or more","Metro Area"
1104,1.509097271,"Yes","Yes","Yes","Yes","Yes","No","Yes","Yes","Yes","Yes","No","No","Yes","No","Yes","Yes","Female","60+","Black, non-Hispanic","Post grad study/professional degree","$60,000 to under $100,000","Non-Metro Area"
1105,3.1297347215,"Yes","No","Yes","Yes","Yes","No","Yes","Yes","No","Yes","No","Yes","No","No","Yes","No","Male","60+","Hispanic","Bachelor's degree","$100,000 or more","Metro Area"
1106,1.5123254514,"No","No","Yes","No","No","No","Yes","Unsure","Yes","No","Unsure","No","No","No","No","No","Male","18-29","Black, non-Hispanic","HS graduate or equivalent","Less than $30,000","Metro Area"
1107,1.9613863576,"Yes","Yes","Yes","Yes","Yes","Yes","Yes","Yes","Yes","Yes","Yes","Yes","Yes","Yes","Yes","Yes","Male","45-59","Hispanic","Post grad study/professional degree","$100,000 or more","Metro Area"
1108,0.5884417832,"Yes","Yes","Yes","Yes","Yes","Yes","Yes","Yes","Unsure","Yes","Yes","Unsure","Yes","Yes","Yes","Yes","Male","30-44","Hispanic","Some college/ associates degree","$60,000 to under $100,000","Metro Area"
1109,0.5874282145,"Yes","Yes","Yes","Yes","Yes","Yes","Yes","Yes","Yes","Yes","Yes","Yes","Yes","Yes","Yes","Yes","Male","30-44","Black, non-Hispanic","HS graduate or equivalent","Less than $30,000","Metro Area"
1110,0.1589394556,"Yes","Yes","Yes","Yes","Yes","Yes","Yes","Yes","Yes","No","No","No","No","No","Yes","Yes","Male","30-44","Hispanic","Some college/ associates degree","$60,000 to under $100,000","Metro Area"
1111,3.5503173531,"Yes","No","Yes","Yes","No","Unsure","Yes","Yes","Yes","Yes","No","Yes","No","No","Yes","No","Female","45-59","Hispanic","HS graduate or equivalent","$30,000 to under $60,000","Non-Metro Area"
1112,0.1191529567,"Yes","Yes","Yes","Yes","No","No","No","No","No","No","No","No","No","No","No","No","Male","60+","Black, non-Hispanic","Some college/ associates degree","$60,000 to under $100,000","Metro Area"
1113,1.3609987175,"Yes","No","Yes","Yes","No","No","Yes","Yes","Yes","Yes","Yes","Yes","No","Yes","Yes","No","Male","60+","Hispanic","Some college/ associates degree","$30,000 to under $60,000","Metro Area"
1114,1.8543774395,"Yes","Yes","Yes","Yes","No","No","Yes","Yes","Yes","Yes","Yes","Yes","No","No","Yes","Yes","Female","18-29","Black, non-Hispanic","HS graduate or equivalent","$100,000 or more","Metro Area"
1115,0.8800727977,"Yes","Yes","Yes","Yes","No","Yes","No","Yes","Yes","No","No","Yes","Yes","No","Yes","Yes","Male","30-44","Hispanic","Bachelor's degree","$60,000 to under $100,000","Metro Area"
1116,2.0518946307,"Yes","Yes","Yes","Yes","Yes","Yes","Yes","Yes","Yes","Yes","Yes","Yes","Yes","Unsure","Yes","Yes","Male","18-29","White, non-Hispanic","Some college/ associates degree","$100,000 or more","Metro Area"
1117,0.2350854527,"Yes","Yes","Yes","Yes","No","No","Yes","Yes","Yes","No","No","Yes","No","No","Yes","Yes","Male","30-44","Black, non-Hispanic","Some college/ associates degree","Less than $30,000","Metro Area"
1118,0.235674752,"Yes","No","Yes","Yes","No","Yes","Unsure","Unsure","Unsure","No","Yes","Unsure","Yes","Yes","No","No","Male","45-59","Black, non-Hispanic","Some college/ associates degree","Less than $30,000","Metro Area"
1119,1.3993082463,"Yes","No","Yes","Yes","No","No","No","No","No","No","No","No","No","No","Yes","No","Male","18-29","Hispanic","HS graduate or equivalent","Less than $30,000","Metro Area"
1120,0.1461066793,"Yes","No","Yes","Yes","No","No","No","No","No","No","No","No","No","No","No","No","Female","60+","Hispanic","Some college/ associates degree","$30,000 to under $60,000","Metro Area"
1121,0.6465925959,"Yes","No","Yes","Yes","No","No","No","No","No","No","No","No","No","No","Yes","No","Female","60+","Hispanic","Some college/ associates degree","Less than $30,000","Metro Area"
1122,1.5587190706,"Yes","No","Yes","Yes","No","No","Yes","No","No","Yes","No","No","No","No","Yes","No","Male","18-29","White, non-Hispanic","Bachelor's degree","$60,000 to under $100,000","Non-Metro Area"
1123,0.7062351244,"Yes","Yes","Yes","Yes","Unsure","Unsure","Yes","Yes","Yes","Yes","Unsure","Yes","Yes","Yes","Yes","Yes","Male","18-29","White, non-Hispanic","Some college/ associates degree","$100,000 or more","Metro Area"
1124,0.0151247745,"Yes","Yes","Yes","Yes","No","No","Yes","Yes","No","Yes","No","Yes","Yes","No","Yes","Yes","Female","30-44","Hispanic","Some college/ associates degree","Less than $30,000","Metro Area"
1125,0.4894363421,"Yes","Yes","Yes","Yes","Yes","Yes","No","Yes","Yes","Yes","Yes","Yes","No","Yes","Yes","Yes","Male","30-44","Hispanic","Some college/ associates degree","$30,000 to under $60,000","Metro Area"
1126,0.0168864205,"Yes","Yes","Yes","Yes","No","No","Yes","No","No","Yes","No","No","No","No","Yes","No","Female","30-44","Hispanic","Some college/ associates degree","Less than $30,000","Metro Area"
1127,0.6026449955,"Yes","No","Yes","Yes","No","No","Yes","Yes","No","SKIPPED ON WEB","No","No","No","No","Yes","No","Male","60+","Black, non-Hispanic","Post grad study/professional degree","$60,000 to under $100,000","Metro Area"
1128,0.7332388811,"No","No","Yes","No","Yes","No","No","Unsure","No","Yes","No","No","Yes","No","Unsure","Yes","Male","18-29","White, non-Hispanic","Less than HS","$30,000 to under $60,000","Non-Metro Area"
1129,0.9219391528,"Yes","Yes","No","Yes","No","No","Yes","No","Yes","Yes","No","No","No","No","Yes","Yes","Female","30-44","Hispanic","HS graduate or equivalent","Less than $30,000","Metro Area"
1130,0.8204484431,"Unsure","Unsure","Unsure","Unsure","Unsure","Unsure","Unsure","Unsure","Unsure","Unsure","Unsure","Unsure","Unsure","Unsure","Unsure","Unsure","Female","45-59","Black, non-Hispanic","Some college/ associates degree","$100,000 or more","Metro Area"
1131,0.8720910422,"Yes","Yes","Yes","Yes","No","Yes","Yes","No","Yes","Yes","Yes","Yes","No","No","Yes","Yes","Male","18-29","Asian-Pacific Islander, non-Hispanic","Some college/ associates degree","$100,000 or more","Metro Area"
1132,0.3419572665,"Yes","Yes","Yes","Yes","Yes","Yes","Yes","Yes","Yes","Yes","Yes","Yes","Yes","Yes","Yes","Yes","Female","18-29","Hispanic","Less than HS","$60,000 to under $100,000","Metro Area"
1133,1.0487330499,"Yes","No","No","No","No","No","No","No","No","No","No","No","No","No","Yes","No","Male","45-59","Black, non-Hispanic","Some college/ associates degree","$30,000 to under $60,000","Metro Area"
1134,1.5275073975,"Yes","Yes","Yes","Yes","Yes","Yes","Yes","Yes","Yes","Yes","Yes","Yes","Yes","Yes","Yes","Yes","Male","45-59","Black, non-Hispanic","HS graduate or equivalent","Less than $30,000","Metro Area"
1135,0.4427929104,"Yes","Yes","Yes","Yes","No","No","Yes","Yes","No","No","No","No","No","No","Yes","No","Female","18-29","White, non-Hispanic","Post grad study/professional degree","$100,000 or more","Metro Area"
1136,2.5169388067,"Yes","No","Yes","Yes","No","No","No","Yes","No","Yes","No","No","No","No","Yes","Yes","Male","18-29","Hispanic","Less than HS","Less than $30,000","Metro Area"
1137,0.4519169478,"Yes","No","Yes","Yes","Yes","Yes","Yes","Unsure","No","Yes","No","No","Yes","No","Yes","Unsure","Female","60+","White, non-Hispanic","Some college/ associates degree","Less than $30,000","Metro Area"
1138,0.268504245,"Yes","Yes","Yes","Yes","Yes","Yes","Yes","Yes","Yes","Yes","Yes","Yes","Yes","Yes","Yes","Yes","Female","60+","Black, non-Hispanic","Post grad study/professional degree","$100,000 or more","Metro Area"
1139,1.7531998252,"Yes","Yes","Yes","Yes","Yes","Yes","No","No","No","No","Unsure","No","No","Unsure","Unsure","Unsure","Female","30-44","Black, non-Hispanic","HS graduate or equivalent","Less than $30,000","Metro Area"
1140,0.0936422421,"Unsure","Unsure","Unsure","Unsure","Yes","Unsure","Unsure","Unsure","No","Unsure","Unsure","Unsure","Unsure","Unsure","Unsure","Unsure","Male","30-44","Hispanic","Some college/ associates degree","$30,000 to under $60,000","Non-Metro Area"
1141,1.8247172977,"Yes","Yes","Yes","Yes","No","No","No","Yes","Yes","No","No","Yes","No","No","Yes","No","Female","30-44","Black, non-Hispanic","Less than HS","$60,000 to under $100,000","Metro Area"
1142,0.7120240987,"Yes","Unsure","Yes","Yes","Unsure","No","Unsure","Yes","Unsure","Yes","No","No","No","Yes","Yes","Unsure","Male","60+","Hispanic","Some college/ associates degree","$30,000 to under $60,000","Metro Area"
1143,0.0915396218,"Yes","Yes","Yes","Yes","Unsure","Unsure","Yes","Yes","Unsure","Yes","No","No","Yes","Unsure","Yes","Unsure","Female","30-44","Black, non-Hispanic","Post grad study/professional degree","$100,000 or more","Metro Area"
1144,0.7241032298,"Yes","Yes","Yes","Yes","Unsure","Yes","Yes","Yes","No","Yes","Yes","Yes","Yes","No","Yes","Yes","Female","18-29","White, non-Hispanic","Bachelor's degree","$60,000 to under $100,000","Metro Area"
1145,0.1669742595,"Yes","No","Yes","Yes","No","Yes","Yes","Yes","No","Yes","Yes","No","No","Yes","Yes","No","Male","30-44","Black, non-Hispanic","Some college/ associates degree","$30,000 to under $60,000","Metro Area"
1146,2.3520926046,"Yes","Yes","Yes","Yes","Yes","Yes","Yes","Yes","Yes","Yes","No","No","No","No","Yes","Yes","Male","45-59","Hispanic","Bachelor's degree","$100,000 or more","Non-Metro Area"
1147,0.7819478418,"Yes","Yes","Yes","Yes","Yes","Yes","Yes","Yes","Yes","Yes","Yes","Yes","Yes","Yes","Yes","Yes","Female","45-59","Black, non-Hispanic","Some college/ associates degree","Less than $30,000","Metro Area"
1148,0.5156198863,"Yes","Yes","Yes","Yes","Yes","Yes","Yes","Yes","Yes","Yes","Yes","No","No","No","Yes","Yes","Female","45-59","Hispanic","Some college/ associates degree","$100,000 or more","Metro Area"
1149,3.8021331656,"Yes","Yes","Yes","Yes","Yes","Yes","Yes","Yes","Yes","Yes","Yes","Yes","Yes","Yes","Yes","Yes","Female","18-29","Asian-Pacific Islander, non-Hispanic","Some college/ associates degree","$60,000 to under $100,000","Metro Area"
1150,0.213240502,"Yes","Yes","Yes","Yes","No","Yes","Yes","Yes","Unsure","Yes","Unsure","Yes","No","No","Yes","Yes","Male","30-44","Black, non-Hispanic","Bachelor's degree","$30,000 to under $60,000","Metro Area"
1151,1.2647882782,"Yes","Yes","Yes","Yes","Unsure","Yes","Yes","Unsure","Yes","Yes","Yes","Yes","No","Yes","Yes","Yes","Male","30-44","Hispanic","Some college/ associates degree","$100,000 or more","Metro Area"
1152,0.4084606754,"Yes","Unsure","Yes","Yes","No","No","Yes","Unsure","Yes","Unsure","No","No","No","Yes","Yes","No","Male","45-59","Black, non-Hispanic","Some college/ associates degree","$30,000 to under $60,000","Metro Area"
1153,0.1279792036,"Yes","Yes","Yes","Yes","Yes","Yes","Yes","Yes","Yes","Yes","Yes","Yes","Yes","Yes","Yes","Yes","Female","18-29","White, non-Hispanic","Some college/ associates degree","$60,000 to under $100,000","Metro Area"
1154,0.7854127209,"Yes","Yes","Yes","Yes","No","No","Yes","No","No","No","No","No","No","No","Yes","No","Female","18-29","Hispanic","Less than HS","$30,000 to under $60,000","Metro Area"
1155,0.3418681008,"SKIPPED ON WEB","SKIPPED ON WEB","SKIPPED ON WEB","SKIPPED ON WEB","SKIPPED ON WEB","SKIPPED ON WEB","SKIPPED ON WEB","SKIPPED ON WEB","SKIPPED ON WEB","SKIPPED ON WEB","SKIPPED ON WEB","SKIPPED ON WEB","Unsure","Unsure","Yes","SKIPPED ON WEB","Male","30-44","Hispanic","HS graduate or equivalent","Less than $30,000","Metro Area"
1156,0.6340075142,"Yes","Yes","Yes","Yes","No","Yes","Yes","Yes","No","No","No","Unsure","Yes","No","Yes","Yes","Male","30-44","Hispanic","Some college/ associates degree","$100,000 or more","Metro Area"
1157,0.2125573481,"Yes","Yes","Yes","Yes","No","Yes","Yes","Unsure","Yes","No","No","Yes","No","No","Yes","Yes","Male","18-29","Black, non-Hispanic","Some college/ associates degree","Less than $30,000","Metro Area"
1158,1.4885139497,"Yes","No","Yes","Yes","Unsure","Unsure","Yes","Yes","Yes","Yes","Unsure","No","Unsure","Unsure","Yes","No","Female","45-59","Black, non-Hispanic","HS graduate or equivalent","$60,000 to under $100,000","Metro Area"
1159,0.3551879991,"Yes","Yes","Yes","Yes","Yes","Yes","Yes","Yes","Yes","Yes","No","Yes","No","No","Yes","Yes","Male","18-29","White, non-Hispanic","Some college/ associates degree","$30,000 to under $60,000","Non-Metro Area"
1160,3.239022129,"Yes","No","Yes","Yes","No","No","Yes","Yes","No","No","No","No","Yes","Yes","Yes","Yes","Female","60+","Black, non-Hispanic","HS graduate or equivalent","$60,000 to under $100,000","Metro Area"
1161,2.2067966444,"Yes","Yes","Yes","Yes","Yes","Yes","Yes","Yes","Yes","Yes","Yes","Yes","Yes","Yes","Yes","Yes","Male","18-29","Hispanic","HS graduate or equivalent","$30,000 to under $60,000","Metro Area"
1162,0.1647653772,"Yes","Yes","Yes","Yes","No","Yes","No","No","No","No","No","No","No","No","Yes","Yes","Female","18-29","Hispanic","Some college/ associates degree","$30,000 to under $60,000","Metro Area"
1163,0.6195717756,"Yes","No","Yes","Yes","No","Unsure","Yes","Unsure","No","Yes","No","No","Unsure","Unsure","Yes","Yes","Male","45-59","Hispanic","HS graduate or equivalent","$60,000 to under $100,000","Metro Area"
1164,0.1345627926,"Yes","Yes","Yes","Yes","Yes","Yes","Yes","Yes","Yes","Yes","Yes","Yes","Yes","Yes","Yes","Yes","Female","30-44","Black, non-Hispanic","HS graduate or equivalent","Less than $30,000","Metro Area"
1165,2.2604684749,"Yes","No","Yes","Yes","No","Yes","Yes","Yes","Yes","Yes","Unsure","Yes","Unsure","Yes","Yes","No","Female","45-59","Black, non-Hispanic","Bachelor's degree","$60,000 to under $100,000","Metro Area"
1166,0.096831551,"Yes","Yes","Yes","Yes","Yes","Yes","Yes","Yes","Yes","Yes","Yes","Yes","Yes","Yes","Yes","Yes","Male","18-29","Hispanic","Some college/ associates degree","$60,000 to under $100,000","Metro Area"
1167,1.7992911751,"Yes","Yes","Yes","Yes","Yes","Yes","Yes","Yes","Yes","Yes","No","No","Yes","No","Yes","Yes","Male","18-29","Hispanic","Less than HS","$100,000 or more","Metro Area"
1168,0.1072450289,"Yes","Yes","Yes","Yes","No","Yes","Yes","Yes","Yes","Yes","No","No","Yes","Unsure","Yes","Yes","Male","30-44","Hispanic","Some college/ associates degree","$30,000 to under $60,000","Metro Area"
1169,2.9642794201,"Yes","Yes","Yes","Yes","Yes","Yes","Yes","Yes","Yes","Yes","Yes","Yes","Yes","Unsure","Yes","Yes","Female","30-44","Black, non-Hispanic","Less than HS","Less than $30,000","Metro Area"
1170,0.7218253786,"Yes","Yes","Yes","Yes","No","Yes","Yes","Yes","Yes","Yes","Yes","Yes","Yes","No","Yes","Yes","Female","18-29","White, non-Hispanic","Some college/ associates degree","$100,000 or more","Metro Area"
1171,0.5717215362,"No","No","No","Yes","Yes","Yes","Yes","SKIPPED ON WEB","Yes","No","No","No","No","Unsure","Unsure","No","Female","18-29","Hispanic","Some college/ associates degree","Less than $30,000","Metro Area"
1172,1.1657099698,"Yes","Yes","Yes","Yes","No","Yes","Yes","Yes","No","Yes","Yes","Yes","Yes","Yes","Yes","Yes","Male","18-29","White, non-Hispanic","Less than HS","$100,000 or more","Metro Area"
1173,0.5184799177,"Yes","No","No","Yes","No","Unsure","No","No","Yes","No","No","No","Yes","Unsure","Yes","No","Female","45-59","Black, non-Hispanic","Some college/ associates degree","$30,000 to under $60,000","Metro Area"
